company,ticker,sector,fiscal_year,is_fraud_case,label,DSRI,GMI,AQI,SGI,DEPI,SGAI,TATA,LVGI,beneish_m_score,cfo_to_ni,cfo_divergence,related_party_pct_revenue,related_party_yoy_change,auditor_changed,promoter_pledge_pct,results_filing_delay_days
Aviation Peer 1 (matched to Kingfisher Airlines),KFAIRLINES_PEER1,Aviation,2008,0,0,1.3856728071512263,0.9809720198258745,1.1846793981631987,1.1296918764775215,0.7719112328144282,0.8101152328858985,-5.9040561723540204e-05,0.8100188439948135,-1.8766546013342524,1.0005019784097258,-5.9040561723540204e-05,0.029083932972673,0.0035746891637376023,0,0.0563433488147921,0
Aviation Peer 1 (matched to Kingfisher Airlines),KFAIRLINES_PEER1,Aviation,2009,0,0,1.0292369088837081,1.1623833800390844,1.0456507282225247,1.0851792551740536,1.2151987605613752,1.3585119437742597,-0.0002442066491159083,1.2143188300976406,-2.381081926566952,1.0057990649536799,-0.0002442066491159083,0.0427743044855609,0.013690371512887902,0,0.0985503167979594,0
Aviation Peer 1 (matched to Kingfisher Airlines),KFAIRLINES_PEER1,Aviation,2010,0,0,1.1141078537650901,0.8348994197363292,0.7642035059178861,1.0467133193549234,0.8146349062503746,0.9055680284253773,0.007095818202915181,0.8323896270970941,-2.4328521450195986,0.9107822279968979,0.007095818202915181,0.0110997925023639,-0.031674511983197005,0,0.0,0
Aviation Peer 1 (matched to Kingfisher Airlines),KFAIRLINES_PEER1,Aviation,2011,0,0,0.9253650075236562,1.007454989511784,1.2398447240070074,1.0802150657424576,0.9379691287354445,0.7710975263126969,0.00101372555349464,1.181901892138993,-2.3987798730607675,0.9896896566471028,0.00101372555349464,0.0236633293365004,0.012563536834136501,0,0.035585727093634,3
Aviation Peer 2 (matched to Kingfisher Airlines),KFAIRLINES_PEER2,Aviation,2008,0,0,0.7277382590436418,0.924056745627454,1.4247384325001384,1.0991841223161825,0.9730659345175009,1.94919996285689,0.011879460068734313,0.9674349504112502,-2.6106393224172058,0.8946584205598149,0.011879460068734313,0.0350202925184313,0.019935700780003,0,0.0874728507703281,3
Aviation Peer 2 (matched to Kingfisher Airlines),KFAIRLINES_PEER2,Aviation,2009,0,0,1.3708585226135273,1.0200463402806381,1.0045326581953353,1.1267785957141299,1.0943600061254013,0.8458404038109096,0.012739839865152532,1.4424255579316971,-2.0610045857051302,0.8701581125364897,0.012739839865152532,0.0164773496505023,-0.018542942867929,0,0.0740167147940689,9
Aviation Peer 2 (matched to Kingfisher Airlines),KFAIRLINES_PEER2,Aviation,2010,0,0,0.8465362031891287,0.9252185999999706,0.8632981245308919,1.1603111580347778,1.067419102869795,1.1939786624563444,0.027925198112616484,0.805139305841118,-2.4041309611420925,0.7548600289141907,0.027925198112616484,0.0250444464766246,0.008567096826122299,0,0.0150489073448036,2
Aviation Peer 2 (matched to Kingfisher Airlines),KFAIRLINES_PEER2,Aviation,2011,0,0,1.2586768450866166,1.1580507648843201,0.7169907824344459,1.1556101312377713,0.8153299858088277,0.8043231574083005,0.005123158063169158,1.175289130073917,-2.1550269091565983,0.9464003833885594,0.005123158063169158,0.0003915440153046,-0.02465290246132,0,0.0852984873349408,0
Aviation Peer 3 (matched to Kingfisher Airlines),KFAIRLINES_PEER3,Aviation,2008,0,0,1.0089656825311302,1.1275813084877087,0.7677773774255519,1.0745014470103138,0.8221231822615513,0.691888677903987,-0.007006492192339532,0.8554523597267982,-2.3847282752147536,1.07399124529033,-0.007006492192339532,0.0156426991183326,0.0009998478460267,0,0.0550468395867577,5
Aviation Peer 3 (matched to Kingfisher Airlines),KFAIRLINES_PEER3,Aviation,2009,0,0,1.1064517316076992,0.6853308320760797,1.6154786710370828,1.0636064285693212,1.2325987772046414,1.1896400202356672,0.00454716866980344,0.9041338734566304,-2.1960642087182394,0.9721131491403004,0.00454716866980344,0.0299553932816268,0.014312694163294198,0,0.0435131898405748,2
Aviation Peer 3 (matched to Kingfisher Airlines),KFAIRLINES_PEER3,Aviation,2010,0,0,0.9351901441154982,1.1452734253883985,1.1889553482183508,1.092323599316812,0.9089794428129065,0.9272064780211253,0.01000052362195021,1.2170426694002152,-2.3263574687007718,0.917746985845596,0.01000052362195021,0.0254113083821804,-0.0045440848994464,0,0.0086207879632669,0
Aviation Peer 3 (matched to Kingfisher Airlines),KFAIRLINES_PEER3,Aviation,2011,0,0,1.0056228295732952,1.0477304991416636,0.6897777138849461,1.1026680977429097,1.2478300713089407,1.3912904310586962,0.006552086878291607,0.8805844306245684,-2.4524705439018506,0.9147593711321604,0.006552086878291607,0.0332250433152312,0.007813734933050799,0,0.0830973794715258,2
DHFL,DHFL,Housing Finance NBFC,2015,1,0,1.1809389853239394,1.0222720355622252,1.5685995508687833,1.0871622535391283,0.78152440726435,1.168829250769457,-0.00439712444615832,0.7893757278917483,-2.000176882618353,1.0547640547888422,-0.00439712444615832,0.0039774045894107,-0.007800095237686,0,0.0,0
DHFL,DHFL,Housing Finance NBFC,2016,1,0,1.0571303464301651,1.0875053521282592,0.8292101162256943,1.1425505475986484,1.0307161469095565,0.8786561923145817,-0.0008035735617800253,1.0761280190516045,-2.3273315710563045,1.010810646830068,-0.0008035735617800253,0.0222921137411506,0.0183147091517399,0,0.0765032352800733,0
DHFL,DHFL,Housing Finance NBFC,2017,1,1,0.7845253262151195,0.9156507172914823,1.2983267145467496,1.1809124631336132,1.0063987793091569,0.8897702706705682,0.015403154983527761,0.6356398936707853,-2.2299627213573223,0.8450887790417743,0.015403154983527761,0.0154157056938026,-0.006876408047348001,0,0.0160867779922411,4
DHFL,DHFL,Housing Finance NBFC,2018,1,1,1.3302174626339365,0.9775015417705697,0.8064169623030888,1.1726804119873133,1.4563802400498134,0.7939514637047,0.11305048926257424,1.6160299346501645,-1.6968102135812853,0.18950588291722784,0.11305048926257424,0.1117858721714127,0.0963701664776101,1,0.1074990615645149,15
FMCG Beverages Peer 1 (matched to Manpasand Beverages),MANPASAND_PEER1,FMCG Beverages,2015,0,0,0.9407584492817666,1.195322258746512,1.34991951561778,1.0716228898743252,1.3122010886178697,0.8057162741174315,0.014910715609830621,0.8314120264363035,-2.031901540228552,0.8582534334266047,0.014910715609830621,0.0105977879107428,0.006268370413097199,0,0.0182593418014271,0
FMCG Beverages Peer 1 (matched to Manpasand Beverages),MANPASAND_PEER1,FMCG Beverages,2016,0,0,0.9469172226212793,0.9480883623923826,0.8077455577678518,1.1399689170880343,1.1888543236526583,1.4553611405692701,-0.003296989591875816,1.0713860442189684,-2.6044377401823544,1.0323024735796407,-0.003296989591875816,0.0,-0.0105977879107428,0,0.067286328990079,5
FMCG Beverages Peer 1 (matched to Manpasand Beverages),MANPASAND_PEER1,FMCG Beverages,2017,0,0,0.67801364295015,1.0319981987672464,1.1074355638697337,1.042506092223466,0.8944851007839091,0.9733252953825999,0.014965512523054326,0.8084973653367297,-2.5529141670554494,0.8372024237532898,0.014965512523054326,0.0182616229990538,0.0182616229990538,0,0.0135211402932176,3
FMCG Beverages Peer 1 (matched to Manpasand Beverages),MANPASAND_PEER1,FMCG Beverages,2018,0,0,1.4047997548408329,0.942065336580229,1.3695991292775578,1.0727894125091981,0.8842787568275458,0.9649853802472569,-0.0060255798864162526,1.0979038273377297,-1.9914211918410742,1.0586496876693805,-0.0060255798864162526,0.0250807910519906,0.006819168052936801,0,0.0597631515739886,1
FMCG Beverages Peer 2 (matched to Manpasand Beverages),MANPASAND_PEER2,FMCG Beverages,2015,0,0,1.1026480264506942,0.8984937473175757,1.1583768638170864,1.121528762523613,1.8080429302461183,1.0835430455565942,0.004378469899134252,0.8383230178121106,-2.114860440952457,0.9506625527966343,0.004378469899134252,0.0179621813887545,-0.0133583414953872,0,0.0,3
FMCG Beverages Peer 2 (matched to Manpasand Beverages),MANPASAND_PEER2,FMCG Beverages,2016,0,0,1.148638565507718,1.3676785733504606,0.7264170653466526,1.0999050350006208,1.0781039943433568,0.9393248306127204,0.00034167583400253706,1.126658710727075,-2.1909310560796125,0.9929037575344714,0.00034167583400253706,0.0161437001847683,-0.0018184812039862032,0,0.0381776790017743,0
FMCG Beverages Peer 2 (matched to Manpasand Beverages),MANPASAND_PEER2,FMCG Beverages,2017,0,0,0.7524767698700271,0.7302219750757195,1.522803530259329,1.1082968551582222,0.6864944230433999,0.637775722247622,0.0040138063376749435,0.8108214423078826,-2.435459325210988,0.9679173942698758,0.0040138063376749435,0.0200199935641508,0.0038762933793825005,0,0.0640977933697078,0
FMCG Beverages Peer 2 (matched to Manpasand Beverages),MANPASAND_PEER2,FMCG Beverages,2018,0,0,0.9253731227809243,1.0482100746837257,0.8103343480725806,1.1131439482446015,1.1015956157393785,1.0381500711448637,0.02068175285401469,0.9576772320133082,-2.38317117884434,0.8299464477774529,0.02068175285401469,0.0097458987222209,-0.010274094841929898,0,0.023109432682143,5
FMCG Beverages Peer 3 (matched to Manpasand Beverages),MANPASAND_PEER3,FMCG Beverages,2015,0,0,1.0099508960852321,1.0721434636123186,0.8728703691736446,1.1356085463731502,0.7135983822018499,0.6723699496090084,-0.00019306923214625822,0.44711306273218193,-2.159844134133452,1.0012792575515979,-0.00019306923214625822,0.018868315902711,-0.003168015884387001,0,0.0,2
FMCG Beverages Peer 3 (matched to Manpasand Beverages),MANPASAND_PEER3,FMCG Beverages,2016,0,0,0.9984839968681485,1.0770045896509932,1.1811310098494576,1.0884673518855368,0.9741592191838602,1.4890141092005689,0.0072098776327513235,1.3747568870949294,-2.464539094897251,0.9076582154640085,0.0072098776327513235,0.0207327531458569,0.0018644372431458993,0,0.0518761616169799,1
FMCG Beverages Peer 3 (matched to Manpasand Beverages),MANPASAND_PEER3,FMCG Beverages,2017,0,0,0.8041027960983747,0.9445442316519362,0.7754138464384295,1.119917902434075,1.42826134213708,1.0573968347930647,-0.007404583111991737,1.1630582434316308,-2.721860401566748,1.0681914931979735,-0.007404583111991737,0.0250658315419025,0.0043330783960456,0,0.0,4
FMCG Beverages Peer 3 (matched to Manpasand Beverages),MANPASAND_PEER3,FMCG Beverages,2018,0,0,1.0895437530601764,1.0806277801757296,1.021228072411458,1.104344179914248,0.7417826855874857,0.9373237517902865,-2.7650958084013585e-05,1.1904876508019162,-2.3347306466245845,1.0003037034888242,-2.7650958084013585e-05,0.0370994395401207,0.012033607998218204,0,0.1633822101949627,0
Financial Services Peer 1 (matched to Religare Enterprises),RELIGARE_PEER1,Financial Services,2015,0,0,0.8283315789472263,1.0208211299299312,0.8761496061839376,1.1202677799617233,1.2027470954726789,1.1249723256079314,0.004412565531902121,0.9423143685604759,-2.5283678185620917,0.9563738191414051,0.004412565531902121,0.013667457977264,-0.0064280648853044,0,0.0780770577309822,2
Financial Services Peer 1 (matched to Religare Enterprises),RELIGARE_PEER1,Financial Services,2016,0,0,1.6006193710157413,1.0612626514484282,1.3020453528888938,1.144129306514763,1.0227412893582348,0.7629341681070506,0.013668639814968846,0.7037538739858553,-1.440275214459817,0.8442170883279853,0.013668639814968846,0.0328279285610271,0.0191604705837631,0,0.010512195993761,0
Financial Services Peer 1 (matched to Religare Enterprises),RELIGARE_PEER1,Financial Services,2017,0,0,0.6831027835035058,0.9712599905808342,1.0862648738435365,1.1387637218435334,1.2836417525038155,0.9976011005932031,0.0002673910440544097,1.4678752581376944,-2.746804589712861,0.9977556717847106,0.0002673910440544097,0.0185796039176706,-0.0142483246433565,0,0.0360873115771413,3
Financial Services Peer 1 (matched to Religare Enterprises),RELIGARE_PEER1,Financial Services,2018,0,0,1.2080410451993833,0.9218379400654625,0.941183739769758,1.1349316426500788,0.7881348857431966,1.185293910656244,-0.000614123715033758,1.050690079300955,-2.308958731517612,1.0057129512658216,-0.000614123715033758,0.0293510876102278,0.010771483692557201,0,0.0955614002595323,1
Financial Services Peer 2 (matched to Religare Enterprises),RELIGARE_PEER2,Financial Services,2015,0,0,1.2310828207526037,0.7237864966011955,0.6832988203659345,1.1191384272692928,1.9767855339342422,0.8406247251100285,0.012177560206509178,1.264529767163243,-2.3246998801227368,0.9318063495395474,0.012177560206509178,0.0150327529720629,0.0026088702174854005,0,0.0400584198510564,0
Financial Services Peer 2 (matched to Religare Enterprises),RELIGARE_PEER2,Financial Services,2016,0,0,0.9237552526148258,1.2310914991364659,1.3609328650296804,1.135295047702632,0.7802633292560003,0.7479199661837477,-0.003301632828735941,1.0033842590900253,-2.160095740074826,1.0242036621850834,-0.003301632828735941,0.0275042355440357,0.0124714825719728,0,0.0280268243326554,0
Financial Services Peer 2 (matched to Religare Enterprises),RELIGARE_PEER2,Financial Services,2017,0,0,0.9848177602255325,0.9977610640333902,0.5536799098396383,1.1212835156333953,0.7950238241451084,1.5536825170824118,0.012128968400457121,0.6789753383213717,-2.5243573849095147,0.8743794758501298,0.012128968400457121,0.033516813728601,0.006012578184565298,0,0.1412439508903557,0
Financial Services Peer 2 (matched to Religare Enterprises),RELIGARE_PEER2,Financial Services,2018,0,0,1.128704270485484,1.0775291095855957,1.670293716010195,1.1198802682993667,0.9191054016755577,0.923088932949242,0.014800586696622398,1.1533351531755034,-1.9198876659104798,0.8172322529338876,0.014800586696622398,0.0094456621904429,-0.0240711515381581,0,0.0919600677576131,1
Financial Services Peer 3 (matched to Religare Enterprises),RELIGARE_PEER3,Financial Services,2015,0,0,0.9278390019851622,0.7603183185863012,1.2428499415667544,1.0800500150407633,0.8888567688524488,1.3464560928099847,0.010476865389410289,0.886424471375763,-2.4896355246788633,0.8599821191696132,0.010476865389410289,0.0103250992262476,-0.009046833542312801,0,0.157172341238849,1
Financial Services Peer 3 (matched to Religare Enterprises),RELIGARE_PEER3,Financial Services,2016,0,0,1.0013532334900566,1.051431112284123,0.6524338642946339,1.1011737570703488,1.1600601899895358,1.0678697559689168,-0.006785247754643394,1.009849524066375,-2.5300047702128854,1.0980370587075003,-0.006785247754643394,0.0208599906500521,0.010534891423804501,0,0.0,1
Financial Services Peer 3 (matched to Religare Enterprises),RELIGARE_PEER3,Financial Services,2017,0,0,0.8652401543149811,0.7241434131212754,1.3823010640159683,1.1220445266840278,1.197241659548328,0.9240041186343834,0.007571157776740168,0.6714833744462582,-2.3077135220011953,0.9508268450545884,0.007571157776740168,0.0159182682401104,-0.004941722409941701,0,0.0697405635573045,0
Financial Services Peer 3 (matched to Religare Enterprises),RELIGARE_PEER3,Financial Services,2018,0,0,1.2664951892061251,1.1890394700008193,0.9789222955479723,1.1493166482584705,0.6757004201027748,0.7014249951306738,0.013637191880488266,1.439040079018435,-2.0760337640028763,0.8678881236707846,0.013637191880488266,0.0150986165176062,-0.0008196517225041999,0,0.0,0
Fortis Healthcare,FORTIS,Healthcare,2014,1,0,1.016447384868307,1.1512502109009597,1.307416322081611,1.0938480143686757,1.6826216747418716,1.2025244380497935,0.004590346042041782,0.8339699278166979,-2.0576623196422164,0.9315152256080409,0.004590346042041782,0.003817727304816,-0.004027244106727,0,0.1723158929455162,0
Fortis Healthcare,FORTIS,Healthcare,2015,1,1,1.1581582416071252,0.9258945535840191,0.7556104153817346,1.0984437948513874,1.012292413334028,0.6844334874250173,0.008004272097657675,1.1676725082726815,-2.346229473971341,0.938449023348262,0.008004272097657675,0.0526504737408268,0.0488327464360108,0,0.0697586571407743,2
Fortis Healthcare,FORTIS,Healthcare,2016,1,1,0.9992028081859938,0.8023989554024205,1.592090759183432,1.1629354961777503,0.9070581103470211,1.2618963199022162,0.13863489881615737,1.2121456219423026,-1.6769570498633535,0.13574331222374372,0.13863489881615737,0.1310644512307817,0.0784139774899549,1,0.3118559639679421,13
Fortis Healthcare,FORTIS,Healthcare,2017,1,0,0.9720861020296399,1.283669442168428,0.6770797312944414,0.990369145861541,0.8258369343374815,0.8518476928949009,0.01103401989460921,0.9249173606624741,-2.413320184695217,0.8956969460926256,0.01103401989460921,0.0301166041370664,-0.10094784709371529,0,0.03771396131689,0
Healthcare Peer 1 (matched to Fortis Healthcare),FORTIS_PEER1,Healthcare,2014,0,0,0.7044853026929556,1.1808826992797115,0.8614141502935782,1.1201281804118142,0.9233909228630621,1.054934692775096,0.006611065823952813,0.8372875116943882,-2.5393204530187026,0.9364856674940211,0.006611065823952813,0.0219639460501018,0.003094349758815701,0,0.0,0
Healthcare Peer 1 (matched to Fortis Healthcare),FORTIS_PEER1,Healthcare,2015,0,0,1.2361413927697633,0.9142140929080894,1.1383841448096341,1.145808736089047,1.1457689451585376,1.0982094418816055,0.0058656808674704625,0.9139111732007761,-2.0666083186699877,0.9474916239458798,0.0058656808674704625,0.0055655320306316,-0.0163984140194702,0,0.0018684762457024,1
Healthcare Peer 1 (matched to Fortis Healthcare),FORTIS_PEER1,Healthcare,2016,0,0,0.9897757836241383,1.0765171465245298,0.9133217490018117,1.1209328502614753,0.9130135974257033,0.8239347833967852,-0.002084473641242315,1.109315992496559,-2.401370937424911,1.0192653602543855,-0.002084473641242315,0.0271346046244448,0.0215690725938132,0,0.0794367811440573,1
Healthcare Peer 1 (matched to Fortis Healthcare),FORTIS_PEER1,Healthcare,2017,0,0,1.0651189993010433,0.9599600165529489,1.14386769635781,1.199553266656577,1.0254880983437709,1.2999181027361852,0.006369025984934819,0.6049103691496672,-2.0947673692063824,0.9324324808592992,0.006369025984934819,0.0184268216715153,-0.0087077829529295,0,0.041985352858849,6
Healthcare Peer 2 (matched to Fortis Healthcare),FORTIS_PEER2,Healthcare,2014,0,0,0.9346446023665568,1.0765723616410785,1.2683305233693187,1.0770150971518155,1.6471123852502358,0.9218137773234193,-0.007378170912411596,1.0567572207889615,-2.287809879068669,1.098032985790002,-0.007378170912411596,0.0164832062038948,-0.026282180691536098,0,0.0887876150224954,0
Healthcare Peer 2 (matched to Fortis Healthcare),FORTIS_PEER2,Healthcare,2015,0,0,1.2053933494105653,0.7817192881840607,0.7514455605091116,1.0055121680672263,0.783171437494252,1.1399290536731166,0.010805262046323871,1.3571630011322593,-2.617027036194885,0.8934899598307365,0.010805262046323871,0.0126642365649895,-0.0038189696389053004,0,0.0177201698771163,4
Healthcare Peer 2 (matched to Fortis Healthcare),FORTIS_PEER2,Healthcare,2016,0,0,0.7567767953885653,1.252939090451483,0.9477425478799616,1.0907633333530344,0.9126195863777817,0.8511064021251806,0.0015158375318373321,0.7756584434417833,-2.4143513817158073,0.9779817454172047,0.0015158375318373321,0.0192868393287406,0.0066226027637511006,0,0.0,0
Healthcare Peer 2 (matched to Fortis Healthcare),FORTIS_PEER2,Healthcare,2017,0,0,1.4883716280811696,0.7906629390358563,1.0396308517884227,1.09417425783496,1.3520792854856538,0.9756076599326996,0.004803493213884259,0.7973590212357371,-1.9077900231169802,0.9575456125104878,0.004803493213884259,0.0399442849468107,0.020657445618070102,0,0.0441900357820123,0
Healthcare Peer 3 (matched to Fortis Healthcare),FORTIS_PEER3,Healthcare,2014,0,0,0.9408444836444028,0.8534361261583862,1.434491560913467,1.1681807216383615,1.1564050927340275,1.038649253677968,-0.005060094323608915,0.7173069680920922,-2.2061536519995393,1.0463606041284925,-0.005060094323608915,0.0207921504780413,0.01103477382163,0,0.0,9
Healthcare Peer 3 (matched to Fortis Healthcare),FORTIS_PEER3,Healthcare,2015,0,0,1.3515167402704242,1.1093625644794938,1.0097627779289737,1.1250427838528307,0.953305358312119,0.9662906501883198,-0.004470811117285682,1.1380311961492662,-2.0490058414110934,1.052202415339222,-0.004470811117285682,0.0115686734198825,-0.0092234770581588,0,0.0641643399075322,0
Healthcare Peer 3 (matched to Fortis Healthcare),FORTIS_PEER3,Healthcare,2016,0,0,0.9998424950398525,1.2527806808020285,0.8144055083087662,1.0764457556194993,1.2709547428594477,0.9896554978042853,-0.0018524086732782518,1.308858002591954,-2.4301922029538674,1.0397702415867924,-0.0018524086732782518,0.016564642811743,0.0049959693918605,0,0.0517088857862287,2
Healthcare Peer 3 (matched to Fortis Healthcare),FORTIS_PEER3,Healthcare,2017,0,0,0.8376821060249166,0.7541438716748387,0.9814533430982183,1.082590287712839,0.9164667871870712,0.9285617534571928,-0.025218396688647636,1.0392288284854747,-2.821110457050285,1.2116820897771672,-0.025218396688647636,0.0080751807321752,-0.0084894620795678,0,0.0155327373891329,3
Housing Finance NBFC Peer 1 (matched to DHFL),DHFL_PEER1,Housing Finance NBFC,2015,0,0,0.8308145330941803,1.0548689360310979,1.0680331776780727,1.1525540613093743,1.407019004831075,0.9330481609674082,0.024484310297500186,0.6799833170526675,-2.16558575978407,0.712837692972668,0.024484310297500186,0.0145650449206736,-0.009100269151698698,0,0.1710207506123701,3
Housing Finance NBFC Peer 1 (matched to DHFL),DHFL_PEER1,Housing Finance NBFC,2016,0,0,1.2165985171626696,1.0265771041424656,0.8796324821863795,1.064322470954304,0.9892716546961213,0.9321658540481343,-0.0018180350483051483,1.2803232813477305,-2.3476880719265387,1.0218252326728439,-0.0018180350483051483,0.0362893694762399,0.021724324555566298,0,0.0014925240174293,0
Housing Finance NBFC Peer 1 (matched to DHFL),DHFL_PEER1,Housing Finance NBFC,2017,0,0,1.305499240251535,0.8327988107274649,0.8299349902000944,1.1102535624944905,0.6185025936974419,0.8984661945522714,0.001544228105423819,0.9219674300095249,-2.2512493066141843,0.986186716051451,0.001544228105423819,0.0043424092781948,-0.0319469601980451,0,0.081873545132556,0
Housing Finance NBFC Peer 1 (matched to DHFL),DHFL_PEER1,Housing Finance NBFC,2018,0,0,0.7982959284315846,1.0168617540774407,1.1459529366501098,1.2139069490638332,1.3011243065234614,0.6207528362568638,0.01872605458674796,1.220873849837405,-2.2916414867898904,0.8693171166445514,0.01872605458674796,0.0270684964089905,0.0227260871307957,0,0.0831332985192742,3
Housing Finance NBFC Peer 2 (matched to DHFL),DHFL_PEER2,Housing Finance NBFC,2015,0,0,0.7853306625010293,1.081221938179842,1.4032780466245773,1.1218567200323462,0.7696548219790161,1.19410897771956,0.015714323239718043,0.8732246192183523,-2.307883653720852,0.75720624273601,0.015714323239718043,0.0084365233973466,-0.0050343151560062,0,0.0353110539923935,0
Housing Finance NBFC Peer 2 (matched to DHFL),DHFL_PEER2,Housing Finance NBFC,2016,0,0,1.4684271170417855,0.7981665373732045,0.8833824859109646,1.1914029321092428,1.2190055791118606,1.3481574363969224,0.013437708970870337,0.8372170414381506,-1.9505895505770106,0.8475144634523334,0.013437708970870337,0.0157639339353916,0.007327410538044999,0,0.0239705793572294,4
Housing Finance NBFC Peer 2 (matched to DHFL),DHFL_PEER2,Housing Finance NBFC,2017,0,0,0.9278567342493034,1.0461582180762092,1.0479241918240658,1.1065162331578997,0.7641012728890475,0.5283082756920983,0.0008266353172474027,0.8718331550538582,-2.3078454039626446,0.9930427551942599,0.0008266353172474027,0.009656919483256,-0.006107014452135599,0,0.0617638055794131,0
Housing Finance NBFC Peer 2 (matched to DHFL),DHFL_PEER2,Housing Finance NBFC,2018,0,0,1.2155125482556737,0.9804081833939651,0.8639901192660869,1.0977166712666169,1.3929327319668907,1.2291963217856294,0.0015551828290647266,1.2029135945030502,-2.3131682039356845,0.9876909034719942,0.0015551828290647266,0.0146654765283527,0.005008557045096701,0,0.0294180838891895,6
Housing Finance NBFC Peer 3 (matched to DHFL),DHFL_PEER3,Housing Finance NBFC,2015,0,0,1.1268510650567958,0.9750685393930819,1.4321696575299934,1.0134887867628204,1.1146021641966057,1.0834648636521005,0.0024354395224889156,0.6195623712349674,-2.055210473447307,0.9641916891709552,0.0024354395224889156,0.032125188368316,0.015498439989001103,0,0.0338104147856699,0
Housing Finance NBFC Peer 3 (matched to DHFL),DHFL_PEER3,Housing Finance NBFC,2016,0,0,0.6603657300832058,0.8283877224317896,0.8801641669202053,1.1744374798004757,0.9469499105114186,0.8269392955163336,0.0032260393106946206,1.1338213796505767,-2.7808895277926733,0.9717895804219391,0.0032260393106946206,0.0128612517596351,-0.0192639366086809,0,0.0,4
Housing Finance NBFC Peer 3 (matched to DHFL),DHFL_PEER3,Housing Finance NBFC,2017,0,0,1.3810000052946176,0.9645472008419502,1.3168638596408304,1.21197311810428,0.8268010449617386,1.6444288018726572,0.006449197910657236,0.9143010474133293,-1.9036663316721785,0.9116717463270417,0.006449197910657236,0.0279080172117898,0.015046765452154701,0,0.1249187220148366,0
Housing Finance NBFC Peer 3 (matched to DHFL),DHFL_PEER3,Housing Finance NBFC,2018,0,0,0.8135961559109623,1.080846585589366,0.500467207422971,1.0937892293820266,1.1385361888293657,0.7532359297199126,0.00699836424979945,0.941712724881329,-2.6167754278709117,0.9339116276384936,0.00699836424979945,0.0311296589166026,0.003221641704812799,0,0.0377469674404648,0
IL&FS,ILFS,Infrastructure Finance,2014,1,0,1.0975726277978657,1.266761471289912,1.04009965703146,1.151966944857654,1.1452584706271807,0.6774534308278397,0.0005584049368264289,1.0369355454039308,-2.0349107619590896,0.9938991055091301,0.0005584049368264289,0.0181232900907154,0.0083460929071887,0,0.0639071863227313,2
IL&FS,ILFS,Infrastructure Finance,2015,1,0,1.047951709886865,0.716220890278786,0.795765562776798,1.070961647355404,1.2047497201287802,1.511539450917018,-0.009058948552840373,1.1012292113424649,-2.744860060164682,1.0938075617947454,-0.009058948552840373,0.0251629757210145,0.007039685630299098,0,0.0314141651707152,0
IL&FS,ILFS,Infrastructure Finance,2016,1,1,1.0568455090449023,1.049838204787392,1.6354108601125543,1.1037627306214421,0.9897122496701474,0.8082762218699865,0.04789759462771045,0.9235792499343434,-1.771229387266192,0.597380696475293,0.04789759462771045,0.0337843099631974,0.008621334242182904,0,0.0870007118152167,3
IL&FS,ILFS,Infrastructure Finance,2017,1,1,1.1020422541969042,0.9990691670550135,1.3541462269685358,1.196694954849352,0.9940993007601586,0.9514201640233728,0.008775391877026435,1.0375298534389263,-2.0316206826194145,0.9320281069018052,0.008775391877026435,0.0914196178695994,0.057635307906402,0,0.3243263576350538,13
IT Services Peer 1 (matched to Satyam Computer Services),SATYAM_PEER1,IT Services,2005,0,0,0.9432070850963102,0.8997011246561446,0.536857955577674,1.0624494778270859,1.0364065044926498,0.8120242092648959,-0.010428255711180664,0.8109748674137157,-2.6670757457116157,1.0914343930863906,-0.010428255711180664,0.0213027452147288,0.0213027452147288,0,0.0991369755511528,0
IT Services Peer 1 (matched to Satyam Computer Services),SATYAM_PEER1,IT Services,2006,0,0,1.1271620464106111,1.0873036411617463,1.5882696348409386,1.0844099386900101,1.1366513737165995,0.9344791563606857,0.005295469734582764,0.9948671521346667,-1.9505195597581588,0.9467389979091652,0.005295469734582764,0.013452123045706,-0.007850622169022799,0,0.072303610074104,0
IT Services Peer 1 (matched to Satyam Computer Services),SATYAM_PEER1,IT Services,2007,0,0,0.8917091475948609,1.0046341657618156,1.0255122740753475,1.072936962343779,0.8905291297047254,0.9378693015677664,-0.0035779484889672027,0.9360264993697986,-2.499538571780812,1.0385030968047908,-0.0035779484889672027,0.0242875643846161,0.0108354413389101,0,0.1267877995997996,2
IT Services Peer 1 (matched to Satyam Computer Services),SATYAM_PEER1,IT Services,2008,0,0,0.9664335928266662,0.9998704657244263,0.6423357676903129,1.0944076078737692,0.8270679374474935,0.9808935975866424,0.007641298123578197,1.1262699644006895,-2.5933717827439247,0.9184315901712328,0.007641298123578197,0.0199487813327992,-0.0043387830518169,0,0.0418278550737743,3
IT Services Peer 2 (matched to Satyam Computer Services),SATYAM_PEER2,IT Services,2005,0,0,1.2329506340612688,0.9366445878991764,1.311065061631427,1.1136233962760698,0.8427827111743141,1.305637464119804,0.01277020112140721,0.7545607355074754,-2.0027539413829567,0.8329246398530397,0.01277020112140721,0.0140929298603651,-0.0192810512140623,0,0.065780250179517,5
IT Services Peer 2 (matched to Satyam Computer Services),SATYAM_PEER2,IT Services,2006,0,0,0.9079184817064757,1.0544956951417561,0.8217290489368848,1.1357575517310743,1.5579178550307615,0.8563646468200383,-0.012565960447490214,0.7704171723089506,-2.3817237080839178,1.1203397689622638,-0.012565960447490214,0.0071257741872596,-0.006967155673105499,0,0.0,7
IT Services Peer 2 (matched to Satyam Computer Services),SATYAM_PEER2,IT Services,2007,0,0,0.9387706388811341,0.7183934837901413,1.0877695533615546,1.0279931159587592,0.7506070733711164,0.9032109310596028,0.010491590876356862,1.4186234590193587,-2.72442267788831,0.9392941628387167,0.010491590876356862,0.0062510419163001,-0.0008747322709595001,0,0.0380913128012667,1
IT Services Peer 2 (matched to Satyam Computer Services),SATYAM_PEER2,IT Services,2008,0,0,1.1908721242098166,1.2612248729689317,0.8544441584027652,1.1080512639227953,0.8810523665901736,1.1276271955382513,0.006525574794178664,1.0380252914732502,-2.1464257067100223,0.9422170721269209,0.006525574794178664,0.0409316830893059,0.0346806411730058,0,0.1286677451237621,3
IT Services Peer 3 (matched to Satyam Computer Services),SATYAM_PEER3,IT Services,2005,0,0,1.1771155732478427,0.8112223197102381,1.1730903861238033,1.0655035411206633,1.1937572857353682,0.9088487767084361,0.01123700916386983,0.9951275184900563,-2.1962392475341157,0.865768119143684,0.01123700916386983,0.0166554382764412,-0.0180594814534903,0,0.1150022297349479,3
IT Services Peer 3 (matched to Satyam Computer Services),SATYAM_PEER3,IT Services,2006,0,0,0.907542956965038,0.8673919312439592,0.894664518371591,1.1576457181235547,0.8535829205699045,1.139996623366281,0.01887838585940218,1.1622741651793336,-2.542662161837982,0.8557357101508108,0.01887838585940218,0.0278235034241766,0.011168065147735398,0,0.040467447124742,5
IT Services Peer 3 (matched to Satyam Computer Services),SATYAM_PEER3,IT Services,2007,0,0,0.7734483407387721,1.091289608096555,1.2856523027885116,1.1205099690058855,0.9598511111480452,1.0896192497544857,0.01011209271021166,0.833773981632851,-2.3356894341441485,0.8689026106847679,0.01011209271021166,0.0203278209287626,-0.007495682495413998,0,0.0,0
IT Services Peer 3 (matched to Satyam Computer Services),SATYAM_PEER3,IT Services,2008,0,0,1.1821971406411254,1.0425580987285499,0.9755294598003744,1.1292057361356644,1.0116574027429543,0.9149259398611764,0.00019097707738778224,0.8298444980114027,-2.11203476553444,0.9972725058234684,0.00019097707738778224,0.0041840560054605,-0.0161437649233021,0,0.1237974524026754,3
Infrastructure Finance Peer 1 (matched to IL&FS),ILFS_PEER1,Infrastructure Finance,2014,0,0,1.0478890791172286,0.995089993960958,1.0220990464023096,1.125837354977233,1.0043021010835276,1.3649569542255902,0.014712866406696242,1.0056579750253212,-2.312646105433083,0.7950426453835667,0.014712866406696242,0.0266657266860953,0.003010981959666998,0,0.0008990290084849,0
Infrastructure Finance Peer 1 (matched to IL&FS),ILFS_PEER1,Infrastructure Finance,2015,0,0,0.9454582656657659,0.9347334413031355,1.039743961410687,1.1724575280721432,1.0211127666307147,0.8730065809409737,-0.0008911156183530651,0.8084248249727604,-2.312004074632852,1.0079426141964982,-0.0008911156183530651,0.0206300236833469,-0.006035703002748399,0,0.0,0
Infrastructure Finance Peer 1 (matched to IL&FS),ILFS_PEER1,Infrastructure Finance,2016,0,0,1.178398962657742,0.9953851197008398,0.7618090065828074,1.0648887694043312,0.9508065475801779,0.949876845286881,-0.005314471241555555,1.1249400133172631,-2.419415849896322,1.049595790291716,-0.005314471241555555,0.0156866056176048,-0.004943418065742101,0,0.0,0
Infrastructure Finance Peer 1 (matched to IL&FS),ILFS_PEER1,Infrastructure Finance,2017,0,0,1.0113649958513329,1.0895299135655552,1.0445275777927956,1.0948077395284042,1.075286484004047,0.9417270003083171,0.0017515150055558587,0.7980362331501276,-2.2267963722881956,0.9811753364256001,0.0017515150055558587,0.0210255318372626,0.0053389262196578,0,0.0426278755040916,6
Infrastructure Finance Peer 2 (matched to IL&FS),ILFS_PEER2,Infrastructure Finance,2014,0,0,0.8642906984511669,0.9464609150592044,0.8739997925452991,1.1924119268209632,0.7803805291355325,1.111579794857638,-0.007138807379222847,1.0081887685072553,-2.5929220102552497,1.0817915198082664,-0.007138807379222847,0.0230962008190916,0.006275266305376302,0,0.0794773443017801,0
Infrastructure Finance Peer 2 (matched to IL&FS),ILFS_PEER2,Infrastructure Finance,2015,0,0,1.0930820170817022,0.9512140371730035,0.9965082890493153,1.100982742030876,1.1636500057556316,1.1896601376687073,0.023596972178882736,0.8347142820575881,-2.180800708414982,0.7155524499317779,0.023596972178882736,0.0238288573638504,0.0007326565447587988,0,0.0,0
Infrastructure Finance Peer 2 (matched to IL&FS),ILFS_PEER2,Infrastructure Finance,2016,0,0,0.8851933077452306,0.9483680356922543,0.9211195601427654,1.0589193422011909,1.4745394913974004,0.9333226474258367,0.0038361677324159,1.2322406497342484,-2.5841481959774053,0.9604821692954735,0.0038361677324159,0.0099765601930919,-0.013852297170758499,0,0.0445136274152855,1
Infrastructure Finance Peer 2 (matched to IL&FS),ILFS_PEER2,Infrastructure Finance,2017,0,0,1.02677424017763,1.210359688150577,1.0775498126119554,1.112796783239793,0.9291120907041699,0.8867837765877166,0.01109407850436627,0.6937360528129691,-2.0489743438379686,0.8666729893902982,0.01109407850436627,0.0310467921540253,0.021070231960933397,0,0.0293831563897634,0
Infrastructure Finance Peer 3 (matched to IL&FS),ILFS_PEER3,Infrastructure Finance,2014,0,0,0.8450080294017126,0.9635513257019942,1.2444708320367546,1.1285347922413076,0.7559807551616842,0.9229787453851233,-0.0004403017440405631,0.8187067783135554,-2.386010107889222,1.0036063393761752,-0.0004403017440405631,0.0162515853710239,-0.0168964933440351,0,0.0878124081814903,3
Infrastructure Finance Peer 3 (matched to IL&FS),ILFS_PEER3,Infrastructure Finance,2015,0,0,0.9598721305941424,1.2283620393430295,0.8260629912007074,1.0487713897097317,1.1789752689109723,1.2158288572607139,0.0011575764618103517,1.0162796224024169,-2.4395564987989635,0.9771900288954164,0.0011575764618103517,0.0231604787064428,0.006908893335418897,0,0.0704914228664346,3
Infrastructure Finance Peer 3 (matched to IL&FS),ILFS_PEER3,Infrastructure Finance,2016,0,0,1.2961156051367806,1.110635465384161,1.022981832758296,1.1191792686185442,1.419851320339519,0.757233398235666,0.006016763940332726,0.948645920395538,-1.8985815696592454,0.9077665890140548,0.006016763940332726,0.0199860734855665,-0.003174405220876298,0,0.0993068158480384,0
Infrastructure Finance Peer 3 (matched to IL&FS),ILFS_PEER3,Infrastructure Finance,2017,0,0,0.8956826023332096,0.7303610371644185,0.8764411069053624,1.139423323697135,0.7513741655489626,1.1848688147859245,0.015300046490650438,1.0378160522911177,-2.645059904977514,0.8735499866078881,0.015300046490650438,0.0243751224861987,0.004389049000632198,0,0.0,1
Jewellery Retail Peer 1 (matched to PC Jeweller),PCJEWELLER_PEER1,Jewellery Retail,2015,0,0,0.9376442259640204,0.9919670830562125,1.290670355137047,1.033448810606843,1.4555512879143915,1.1169549518331514,-0.0055478045415686145,0.8896223040119049,-2.351934054189789,1.0582458862033648,-0.0055478045415686145,0.0346620281962568,0.0185842883254597,0,0.0091603410364872,1
Jewellery Retail Peer 1 (matched to PC Jeweller),PCJEWELLER_PEER1,Jewellery Retail,2016,0,0,1.2583764588307866,0.9903149053114052,0.9451777111461085,1.151531597159353,0.8602993195456422,0.7234468296658088,0.00032523854245236573,1.0156645301475418,-2.1064883510749652,0.9970912121389922,0.00032523854245236573,0.0191209351263078,-0.015541093069949,0,0.0015300711130689,0
Jewellery Retail Peer 1 (matched to PC Jeweller),PCJEWELLER_PEER1,Jewellery Retail,2017,0,0,1.1287278138092465,0.8814628364896923,0.6640183598146001,1.0882486878258912,0.8072566079825423,1.1655082512255688,0.006206418462068978,1.010599518444616,-2.5062359065633157,0.9483434908715013,0.006206418462068978,0.0141408178954841,-0.0049801172308237,0,0.0634081390477658,0
Jewellery Retail Peer 1 (matched to PC Jeweller),PCJEWELLER_PEER1,Jewellery Retail,2018,0,0,0.6322899038338717,1.1656811463957466,1.6977216333263574,1.1664526794350685,1.4437989252115984,1.1037441019293353,0.004694889998424072,0.9935074982579329,-2.2431749840161834,0.9484078663274732,0.004694889998424072,0.0134425653756768,-0.0006982525198072995,0,0.0845531282933438,6
Jewellery Retail Peer 2 (matched to PC Jeweller),PCJEWELLER_PEER2,Jewellery Retail,2015,0,0,0.9443772595449357,1.1717994344201839,1.4449587282870486,1.1294079292591084,1.1329691106070536,1.4046043064315825,0.012336058428778642,1.4352798345579476,-2.2841842022163243,0.8610364596512639,0.012336058428778642,0.0283537699390223,-0.004514652687432702,0,0.1093071251059415,2
Jewellery Retail Peer 2 (matched to PC Jeweller),PCJEWELLER_PEER2,Jewellery Retail,2016,0,0,0.935740609796626,0.9128829654657409,0.914957448656547,1.100415313782614,1.7932363717767512,1.078095797156769,0.004545618154562367,0.838971091087597,-2.3781880578669408,0.955404438726466,0.004545618154562367,0.0211493391158101,-0.007204430823212198,0,0.0580959683642534,5
Jewellery Retail Peer 2 (matched to PC Jeweller),PCJEWELLER_PEER2,Jewellery Retail,2017,0,0,0.9327304853111236,1.1020669756333705,0.8814362822992702,1.1246194938015401,0.4439770308763598,0.9649064724423411,0.009919043408576356,1.4343324810943252,-2.578257815777885,0.8488455711058228,0.009919043408576356,0.0083038999752117,-0.012845439140598401,0,0.0,7
Jewellery Retail Peer 2 (matched to PC Jeweller),PCJEWELLER_PEER2,Jewellery Retail,2018,0,0,1.4104892081840616,0.9346071438637934,0.941201766019454,1.1726311812481303,1.2369444479871818,0.9673981084507527,0.01612599191213108,0.6930945381315118,-1.7979770903125345,0.8078905888923024,0.01612599191213108,0.0301951091766462,0.0218912092014345,0,0.1080046423321775,5
Jewellery Retail Peer 3 (matched to PC Jeweller),PCJEWELLER_PEER3,Jewellery Retail,2015,0,0,1.0294263265288472,1.02473250845349,0.8525768239126343,1.1033289706399203,1.0515650385096573,1.2680415135034344,0.0002183190592948975,2.0085262464817526,-2.7761982650735764,0.9944729625039553,0.0002183190592948975,0.0153619955864856,-0.013529277588784399,0,0.073274838708314,0
Jewellery Retail Peer 3 (matched to PC Jeweller),PCJEWELLER_PEER3,Jewellery Retail,2016,0,0,1.1707932544357915,0.7109083299382254,0.9041758595440376,1.139990622146325,1.032838737781067,0.6886590505534866,0.008569777261692467,0.8651851264068657,-2.247842375879338,0.9413170693851873,0.008569777261692467,0.0121420373061722,-0.0032199582803133994,0,0.0241851201569245,5
Jewellery Retail Peer 3 (matched to PC Jeweller),PCJEWELLER_PEER3,Jewellery Retail,2017,0,0,1.0567104468114161,1.077644307617116,0.893904697558554,1.1256598414939243,1.1233720191213932,1.2287720699063904,-0.009529733713667733,0.7955077081575926,-2.320485776524147,1.0880905899735607,-0.009529733713667733,0.00084434835531,-0.0112976889508622,0,0.0639166469785252,0
Jewellery Retail Peer 3 (matched to PC Jeweller),PCJEWELLER_PEER3,Jewellery Retail,2018,0,0,0.6976659341757045,1.1398658895359706,1.4307179566989485,1.0942545011481182,1.0520320434808503,0.8590379276447097,0.0022756922790542755,0.8344638237377626,-2.331205626096008,0.9739134522067319,0.0022756922790542755,0.0267597885580692,0.025915440202759203,0,0.0,2
Kingfisher Airlines,KFAIRLINES,Aviation,2008,1,0,1.0435415696564971,1.0434373023717376,0.6992794347147153,1.0996316296273967,1.0870878370811385,0.7934521225718798,0.002158963613407183,1.3735918039998958,-2.516147947990228,0.9815390119553623,0.002158963613407183,0.0128051845402145,-0.008174834600779298,0,0.0152868118875965,0
Kingfisher Airlines,KFAIRLINES,Aviation,2009,1,1,0.9459400752872568,0.9012928418292677,1.1459118751619046,1.136663522912179,0.9671303651308156,1.039770698525361,0.0336985544646084,0.8233340965068274,-2.196175531620945,0.7509249696777283,0.0336985544646084,0.017355488976248,0.004550304436033501,0,0.0128069536452182,0
Kingfisher Airlines,KFAIRLINES,Aviation,2010,1,1,1.1067293909190161,1.240610617405616,1.0971700538553382,1.1423042654744318,0.9885673738078266,0.9808810056426711,0.06633772675690658,0.7605638657576218,-1.6979108933934057,0.28947518084213136,0.06633772675690658,0.009136691582873,-0.008218797393375001,1,0.3377350098450782,14
Kingfisher Airlines,KFAIRLINES,Aviation,2011,1,0,0.8125285099036494,0.8984041347319633,0.8534871406175961,1.06799297733309,1.2100098432190636,1.222527065791713,0.007122754733916265,0.9883426062637484,-2.681642033353775,0.925602142502952,0.007122754733916265,0.032293757176501,0.023157065593628,0,0.0097003195584101,0
Manpasand Beverages,MANPASAND,FMCG Beverages,2015,1,0,0.6864054336514137,1.1298271743091164,0.7837112352071803,1.1360699256561217,1.0755858844301138,1.5616069684584313,0.010176829271833353,1.1164300349961045,-2.7443237994427294,0.9148009836376235,0.010176829271833353,0.0,-0.0340118627503389,0,0.0,5
Manpasand Beverages,MANPASAND,FMCG Beverages,2016,1,0,1.1723982033724918,1.1595065245868215,1.604705931342016,1.109648212420577,1.4371556239924526,0.9190078226471307,0.006691674227992423,0.8233726911439812,-1.7417957812016158,0.9239563990784374,0.006691674227992423,0.0250989824847653,0.0250989824847653,0,0.0447387932874564,0
Manpasand Beverages,MANPASAND,FMCG Beverages,2017,1,1,1.0635562412444688,0.8113784088857061,0.6240485909515436,1.1459645999416548,0.5755616514117146,0.9431860996043699,0.04814636145439412,1.2255371330496678,-2.4303166407527916,0.6300492616174974,0.04814636145439412,0.0361917845622622,0.0110928020774969,0,0.0,0
Manpasand Beverages,MANPASAND,FMCG Beverages,2018,1,1,0.8898423681203435,1.2155146206668923,1.1716284796663197,1.082793143759056,1.5794946536825611,0.8317284402091115,0.01122505313537782,0.8318669032197252,-2.121277771873783,0.8906039997014888,0.01122505313537782,0.0574757152610885,0.021283930698826302,1,0.091968466978949,9
Office Equipment/IT Services Peer 1 (matched to Ricoh India),RICOH_PEER1,Office Equipment/IT Services,2012,0,0,1.1326920825568056,0.7730095390666447,1.34822292564489,1.1317143289791038,0.8435179228117735,0.9645208150897331,-0.003336741648376517,0.6062459436842533,-2.1183510608402387,1.0320278427406204,-0.003336741648376517,0.0168271327474755,-0.009363917437172999,0,0.0,0
Office Equipment/IT Services Peer 1 (matched to Ricoh India),RICOH_PEER1,Office Equipment/IT Services,2013,0,0,0.8672833738073115,0.9202329795801835,0.9544391981038614,1.1509805070170673,0.8895171952146389,0.737499980917232,0.012055112364110167,1.0955313575249008,-2.4703366370128035,0.9177126305184532,0.012055112364110167,0.0113681433765572,-0.0054589893709183004,0,0.1146754984229685,0
Office Equipment/IT Services Peer 1 (matched to Ricoh India),RICOH_PEER1,Office Equipment/IT Services,2014,0,0,0.9067663397162204,0.9502488831307794,0.6636783673799935,1.0786728055313932,1.5026069075340698,1.4629672400459237,0.026840438785108122,1.0417753329382744,-2.567646045929281,0.8057715042865694,0.026840438785108122,0.0124783913193247,0.0011102479427675012,0,0.0045448555698322,0
Office Equipment/IT Services Peer 1 (matched to Ricoh India),RICOH_PEER1,Office Equipment/IT Services,2015,0,0,1.2215370251114863,0.9669414868167898,1.4156178012704925,1.0645230967435826,0.8204949350192017,1.0150344792930572,0.011237719989713197,1.059258149040589,-2.058201773665215,0.9031158688019552,0.011237719989713197,0.0216432065938191,0.0091648152744944,0,0.0179754964072287,1
Office Equipment/IT Services Peer 2 (matched to Ricoh India),RICOH_PEER2,Office Equipment/IT Services,2012,0,0,0.8833230514622683,0.9816991518635876,1.685160080139081,1.0806244897043478,1.04417347373275,0.7671580392409709,-0.0029958080211733057,0.8419237841504035,-2.1654816196967044,1.027213639418293,-0.0029958080211733057,0.0208786763708072,-0.0008275744145906996,0,0.0696005468682878,2
Office Equipment/IT Services Peer 2 (matched to Ricoh India),RICOH_PEER2,Office Equipment/IT Services,2013,0,0,1.1724131545354533,0.983799420263114,0.6679619608998755,1.1294037547398847,0.703476756517721,1.0489362552898858,0.013419314329324363,0.9867793258560066,-2.3240540992152594,0.8611255123827423,0.013419314329324363,0.0318878411435387,0.011009164772731502,0,0.0812837785798077,0
Office Equipment/IT Services Peer 2 (matched to Ricoh India),RICOH_PEER2,Office Equipment/IT Services,2014,0,0,0.9452107706503581,0.8413268363900993,1.5032752437004475,1.119535534993497,1.3495234318015346,1.2175133373080462,0.015852638696344335,0.9656344446359484,-2.216041692014085,0.8868010916905917,0.015852638696344335,0.0212992985416607,-0.010588542601878002,0,0.0465100607118931,0
Office Equipment/IT Services Peer 2 (matched to Ricoh India),RICOH_PEER2,Office Equipment/IT Services,2015,0,0,1.1676296547710678,1.380971353519218,0.9763286166407508,1.1064554421898734,1.747316353698773,0.9859368014408584,-0.0006200765355511233,0.9509355203190993,-1.937729829822898,1.008946922473604,-0.0006200765355511233,0.0153744428367542,-0.005924855704906501,0,0.0998277442249202,0
Office Equipment/IT Services Peer 3 (matched to Ricoh India),RICOH_PEER3,Office Equipment/IT Services,2012,0,0,1.2185015624376783,0.9173771734278303,1.2414344494565839,1.146905588911514,1.412754637220842,0.9803102815030834,0.0009352523664403717,0.6890361166415694,-1.9371094615552629,0.9924555150419786,0.0009352523664403717,0.0180399570215498,-0.007791124335027599,0,0.0328923554633976,0
Office Equipment/IT Services Peer 3 (matched to Ricoh India),RICOH_PEER3,Office Equipment/IT Services,2013,0,0,0.9611041563915202,1.171401980569637,0.911113798840142,1.1364014996716134,0.7546844834475359,1.1694142230251656,0.009063851382266064,1.0580511312067515,-2.373447307991383,0.8577060066880192,0.009063851382266064,0.0215844805049973,0.0035445234834475016,0,0.1011203612680236,4
Office Equipment/IT Services Peer 3 (matched to Ricoh India),RICOH_PEER3,Office Equipment/IT Services,2014,0,0,1.0714761769261443,0.8099426964904152,1.308082977947353,1.1866577950694164,1.071705031394775,0.9640295131359438,-0.0021942425999192743,1.0065352976032458,-2.2215987982786247,1.019665821629331,-0.0021942425999192743,0.0119547336977518,-0.009629746807245501,0,0.0,6
Office Equipment/IT Services Peer 3 (matched to Ricoh India),RICOH_PEER3,Office Equipment/IT Services,2015,0,0,0.8677237240701499,0.9656862408152135,0.6994141103261495,1.0794624273075737,1.0578925615248163,0.7746738530469164,0.002697488403732296,0.8797110913669293,-2.572998289759547,0.9812363945643106,0.002697488403732296,0.0249634303434073,0.013008696645655501,0,0.0955619022284473,2
PC Jeweller,PCJEWELLER,Jewellery Retail,2015,1,0,1.1104890827365064,0.9279877433668923,0.5856376196349832,1.0926706937350792,0.9447913981673629,1.335112181255316,0.0006809655135008827,1.2025995759062766,-2.6281647663108205,0.9942461429620194,0.0006809655135008827,0.0224891359867502,-0.005990451447886801,0,0.1004334177977419,3
PC Jeweller,PCJEWELLER,Jewellery Retail,2016,1,0,0.7534172457231885,0.9641273869206864,2.262412640824285,1.123109858798078,0.9033260143275995,1.3059870350118805,0.004248400187179873,0.9658229505851779,-2.1386612914395555,0.9598992011529112,0.004248400187179873,0.0141348434908003,-0.008354292495949898,0,0.05054914462912,6
PC Jeweller,PCJEWELLER,Jewellery Retail,2017,1,1,1.1677331943870868,1.0212860871564235,0.8896528876565499,1.1756590042738053,1.3596864688823889,0.589521921202468,0.06294186650847952,1.0534111597409714,-1.8133330910872794,0.5815673036559328,0.06294186650847952,0.0268088794359595,0.012674035945159198,0,0.1041175964895867,0
PC Jeweller,PCJEWELLER,Jewellery Retail,2018,1,1,1.2211677563453536,1.0173563776420789,1.27754099997993,1.117313227259196,0.8197936876220507,0.8051812940179565,0.11682520089230645,1.0341877203949297,-1.502360712148755,0.21626552917205605,0.11682520089230645,0.0672490880274035,0.040440208591443996,1,0.1486572655726901,19
Private Banking Peer 1 (matched to Yes Bank),YESBANK_PEER1,Private Banking,2016,0,0,1.004910437893431,0.8697807541243088,0.7619796986307528,1.0571804406337184,1.2722717759720952,1.0688004127025943,-0.019142111801346878,0.7558342112708116,-2.57963955262042,1.1325306301820848,-0.019142111801346878,0.0229751107118555,-0.0166297352959747,0,0.0943379527202369,0
Private Banking Peer 1 (matched to Yes Bank),YESBANK_PEER1,Private Banking,2017,0,0,1.0545344068110218,1.170253524358889,1.0877256754875881,1.1441874292054224,1.3545584267251036,1.0697585340270543,-0.0012460212932120002,1.371608457792929,-2.2744484732326375,1.0126047060572128,-0.0012460212932120002,0.0109910300469542,-0.011984080664901302,0,0.0761975477096335,4
Private Banking Peer 1 (matched to Yes Bank),YESBANK_PEER1,Private Banking,2018,0,0,0.8183994629976002,1.041459831459524,1.0971796816300445,1.077991532135926,0.5406472661436993,1.2408223497412225,0.0003239839892354261,0.8423699521064273,-2.5575387267899288,0.9956429628910787,0.0003239839892354261,0.026181907146653,0.0151908770996988,0,0.1275940060061244,5
Private Banking Peer 1 (matched to Yes Bank),YESBANK_PEER1,Private Banking,2019,0,0,1.113261955481669,1.0471894536143347,0.9493430660672127,1.1353143165842923,1.1736590080326321,1.1713604575035597,-0.004672959683817171,1.1206254127442186,-2.3214605014589518,1.07134341257114,-0.004672959683817171,0.012030890107033,-0.01415101703962,0,0.0650985371259635,0
Private Banking Peer 2 (matched to Yes Bank),YESBANK_PEER2,Private Banking,2016,0,0,0.9869959751116921,1.1730874473182293,0.5283499152603398,1.1409797881546149,1.227974005308639,0.9878541781854836,0.0048108822676460414,0.8945862589241872,-2.3800796904894272,0.9548374758493894,0.0048108822676460414,0.0225044630026076,-0.011988985009755402,0,0.0,1
Private Banking Peer 2 (matched to Yes Bank),YESBANK_PEER2,Private Banking,2017,0,0,0.7544107023070799,0.7811381646951432,1.9797172342278018,1.1084584695262638,0.89222069558579,1.1329565103919357,0.0181307389287046,0.7909656274448054,-2.211025657995081,0.8574028294213263,0.0181307389287046,0.0103464880519123,-0.0121579749506953,0,0.052674081341095,0
Private Banking Peer 2 (matched to Yes Bank),YESBANK_PEER2,Private Banking,2018,0,0,1.5726815109502272,1.130884075369321,0.842630036575338,1.1795859216772402,1.0252722974219977,0.9896918973972975,0.009486834312721909,1.3399633214176965,-1.8495128417214208,0.8959908838285231,0.009486834312721909,0.0240395402073561,0.0136930521554438,0,0.0782730209584546,7
Private Banking Peer 2 (matched to Yes Bank),YESBANK_PEER2,Private Banking,2019,0,0,0.8057321402315144,1.083414059336402,0.7381072942424075,1.0907107008518833,1.2984486902956582,0.9440599929375179,0.0029954155055895294,1.1107202439963937,-2.6178212056609946,0.9734347058797834,0.0029954155055895294,0.0041110243582127,-0.0199285158491434,0,0.043809535283517,4
Private Banking Peer 3 (matched to Yes Bank),YESBANK_PEER3,Private Banking,2016,0,0,1.5305023671745754,1.1990363815211995,0.7866780783336927,1.0670093594472914,1.0605670522591044,0.8884705359100995,0.005872856812246246,1.0914242899737479,-1.8895246874460567,0.9296829857561774,0.005872856812246246,0.0162219346724172,-0.007046500031463003,0,0.0958155720537283,0
Private Banking Peer 3 (matched to Yes Bank),YESBANK_PEER3,Private Banking,2017,0,0,1.035093270600549,0.9105924141533568,1.2710400342883017,1.1450617441632607,1.0070646946903983,0.9779358860200498,0.005402486484632231,0.8491527382841004,-2.1768133903917795,0.9480562092983349,0.005402486484632231,0.0236453448903326,0.007423410217915403,0,0.0778037636911575,2
Private Banking Peer 3 (matched to Yes Bank),YESBANK_PEER3,Private Banking,2018,0,0,0.6867278597905048,1.055461645982459,0.9605439732736298,1.1208038173678914,0.8884108929235203,1.3297499197662934,0.0015401978681880315,1.2301522068055977,-2.7847127689330677,0.9769120750951896,0.0015401978681880315,0.0108417652270356,-0.012803579663297001,0,0.0164043988160161,6
Private Banking Peer 3 (matched to Yes Bank),YESBANK_PEER3,Private Banking,2019,0,0,0.9977220140201725,1.0881622346824713,0.7059635466787012,1.1264788632850702,1.7011880013161216,0.8646706591821385,0.006939990909026458,1.1268346553595254,-2.346607116347822,0.9336744387961251,0.006939990909026458,0.0150834438503451,0.0042416786233095,0,0.0209674298627207,4
Religare Enterprises,RELIGARE,Financial Services,2015,1,0,0.8120058777849862,1.0494390516918648,1.0398689345709837,1.0570564679439445,0.9555004594014394,1.0408490280050584,0.004049692366701272,1.069398770202155,-2.5757377214298454,0.9297822149941553,0.004049692366701272,0.0178845339691947,-0.0005751328650465994,0,0.0704875609811644,3
Religare Enterprises,RELIGARE,Financial Services,2016,1,1,1.3828189988891901,1.076305107124551,0.859304160582176,1.0430628593663067,1.2190499017988528,0.8520753555664269,0.020488913505980647,0.9811824540831896,-1.9532917316715137,0.6316085254593968,0.020488913505980647,0.0546801144080502,0.0367955804388555,0,0.0892477144343959,3
Religare Enterprises,RELIGARE,Financial Services,2017,1,1,1.1276654336215224,0.6543543588812427,0.7979366897436373,1.164157717353173,1.2724144418053147,0.7282684015230034,0.020669247866846357,1.0213277570674602,-2.3124508630898735,0.888341394273077,0.020669247866846357,0.0344094146301228,-0.0202706997779274,1,0.3312770669820023,14
Religare Enterprises,RELIGARE,Financial Services,2018,1,0,0.854023552513015,1.3636660677045198,1.0223395656628405,1.119067430401349,0.7356381009702896,1.5544812677002178,-0.00418506937456284,0.7076423772020229,-2.356802708875744,1.0638476119609295,-0.00418506937456284,0.0160694706241397,-0.0183399440059831,0,0.1183700763869211,2
Retail/E-Governance Peer 1 (matched to Vakrangee),VAKRANGEE_PEER1,Retail/E-Governance,2014,0,0,0.745253018437979,0.6542738459534156,1.050280989815366,1.063212959959023,0.9788699055276248,1.1978455553025806,0.013266421489364796,1.025984294398012,-2.803093826700579,0.9011920907154308,0.013266421489364796,0.0429966406961483,0.0389961340369918,0,0.045513461504419,6
Retail/E-Governance Peer 1 (matched to Vakrangee),VAKRANGEE_PEER1,Retail/E-Governance,2015,0,0,1.2926162011270044,1.2271457272177533,1.1284333314818984,1.1401944756989617,1.4508652203209704,1.0488916145969385,0.004727985723636676,1.3652230319808465,-1.9677851563806237,0.9452766226155955,0.004727985723636676,0.043902227106518,0.0009055864103696964,0,0.0257301898542938,0
Retail/E-Governance Peer 1 (matched to Vakrangee),VAKRANGEE_PEER1,Retail/E-Governance,2016,0,0,0.9062892461047416,1.1154080339203694,0.5714982392981108,1.0982172498135356,0.7097109493433412,1.3309860720053326,0.008284094725616906,0.7134643631638445,-2.5486377889074214,0.7921053858873119,0.008284094725616906,0.0306032720477969,-0.013298955058721099,0,0.036480172209832,4
Retail/E-Governance Peer 1 (matched to Vakrangee),VAKRANGEE_PEER1,Retail/E-Governance,2017,0,0,0.8556112275044968,0.7111738951992022,1.653592346877703,1.0093561921690895,1.3265029420212275,0.6777985338886693,0.02099097030315968,0.742101517932878,-2.2174247782892413,0.8519686560424714,0.02099097030315968,0.0350123586382721,0.004409086590475203,0,0.0700964141539406,0
Retail/E-Governance Peer 2 (matched to Vakrangee),VAKRANGEE_PEER2,Retail/E-Governance,2014,0,0,0.9777156051734477,1.08048198672944,1.1166557556595935,1.1105294669120669,1.1712784639050036,1.0509621097702426,0.0048090286551673205,0.9128810441670537,-2.2503650603717493,0.943938281883214,0.0048090286551673205,0.0154882464276058,-0.017108812101198197,0,0.0,0
Retail/E-Governance Peer 2 (matched to Vakrangee),VAKRANGEE_PEER2,Retail/E-Governance,2015,0,0,1.1780660243727412,0.9981382416434176,0.8155591381751239,1.1394293344112063,0.9774323506823369,0.8592615536258766,0.0016070542437333012,1.3206584725151413,-2.3430295884730126,0.9848203165736851,0.0016070542437333012,0.0407671132585902,0.025278866830984396,0,0.0077339767511215,4
Retail/E-Governance Peer 2 (matched to Vakrangee),VAKRANGEE_PEER2,Retail/E-Governance,2016,0,0,0.7631027336413312,0.9331622060405137,0.8606796912258697,1.0556694642056481,0.8943044741296354,0.8312266694178314,0.019512774203371958,0.9843490479939385,-2.6265719237452942,0.8612957620049568,0.019512774203371958,0.0222946036445843,-0.0184725096140059,0,0.0238793784284488,0
Retail/E-Governance Peer 2 (matched to Vakrangee),VAKRANGEE_PEER2,Retail/E-Governance,2017,0,0,1.1560610497729464,0.950501975003838,1.393685999481494,1.076362034453182,1.3575037926597613,1.092430214044478,0.01749257286691787,1.1983089045439166,-2.09317903688543,0.8592983179664216,0.01749257286691787,0.0332847881079173,0.010990184463333004,0,0.0171756946590638,8
Retail/E-Governance Peer 3 (matched to Vakrangee),VAKRANGEE_PEER3,Retail/E-Governance,2014,0,0,1.1891026775459215,1.082108311129406,0.8643609637130856,1.0693593388236708,1.1104964372381496,0.7860258046770808,0.010342187954922649,0.8596362468930403,-2.1118012922256364,0.8919084477850912,0.010342187954922649,0.0236970592563913,-0.0037910796034333998,0,0.0834208842643004,0
Retail/E-Governance Peer 3 (matched to Vakrangee),VAKRANGEE_PEER3,Retail/E-Governance,2015,0,0,1.0607964597361632,0.9128554066855045,1.172927087692312,1.0891104608182998,1.1775166884830843,1.1315736130160416,0.006191737045128848,1.3648815450125393,-2.4132918976833126,0.9317976467709423,0.006191737045128848,0.0225519335175601,-0.0011451257388312014,0,0.0301111043029895,3
Retail/E-Governance Peer 3 (matched to Vakrangee),VAKRANGEE_PEER3,Retail/E-Governance,2016,0,0,0.7821805157385973,0.9276660499556628,0.7779576161052658,1.1412472482089497,0.7025259198034324,1.094800676008265,-0.018580944465380517,0.5874265790151729,-2.6848427948224938,1.1637410703805346,-0.018580944465380517,0.0173652274982096,-0.0051867060193505,0,0.0,0
Retail/E-Governance Peer 3 (matched to Vakrangee),VAKRANGEE_PEER3,Retail/E-Governance,2017,0,0,1.176200498066201,1.0891781491844386,0.9294777057673956,1.1521057767046226,1.145696854914397,1.112228005883221,-0.003397008132911304,0.9120690709658101,-2.1533113990156303,1.0351367591086407,-0.003397008132911304,0.0268861170097888,0.0095208895115792,0,0.0988332684989065,2
Ricoh India,RICOH,Office Equipment/IT Services,2012,1,0,0.6491085852499446,1.007832768262463,1.2105925015845158,1.0629519873342628,0.7492321632123361,1.2743711863499982,0.001373122885307391,0.6763689605781246,-2.621229809996638,0.9741241845450322,0.001373122885307391,0.0301551521648292,0.0071859934574681,0,0.0,1
Ricoh India,RICOH,Office Equipment/IT Services,2013,1,0,1.1190527429829922,0.8641916636218363,0.7594115612477539,1.0788957628900693,1.6615532003989657,0.7637314512550493,0.008270159904213044,1.3328187122139992,-2.4224198190934354,0.9256458589714666,0.008270159904213044,0.0159035107163199,-0.014251641448509302,0,0.0546177019127229,0
Ricoh India,RICOH,Office Equipment/IT Services,2014,1,1,0.7958154328960564,0.9616718641063694,1.3334979431044027,1.0958422134459418,0.7241979121617884,1.036115832781068,0.030606543545396884,0.8605186472390313,-2.316973377817495,0.7260143389788977,0.030606543545396884,0.0104486120101943,-0.005454898706125599,0,0.0741991146975763,1
Ricoh India,RICOH,Office Equipment/IT Services,2015,1,1,1.3512005117851447,0.8975454862046354,1.1934977577264334,1.157315383745122,1.3148433737619183,0.6536952831857352,0.1125833365414777,0.9425597825258001,-1.3511613139531802,0.28781983870213323,0.1125833365414777,0.124226639882617,0.1137780278724227,1,0.1319432411510558,0
Satyam Computer Services,SATYAM,IT Services,2005,1,0,0.8527235967204028,0.8741463043718721,1.0986946291069277,1.0684006357503801,1.11381190348189,0.9489701516131327,0.0017245518468436204,0.9539292541335818,-2.5360592302476848,0.9844656802406305,0.0017245518468436204,0.0414164760087046,0.0177289681678797,0,0.0296792491807692,0
Satyam Computer Services,SATYAM,IT Services,2006,1,0,0.9476795370661034,1.0831513084387177,1.030380541411104,1.1400180478322584,0.7443001054050458,1.1377167379668416,0.0021791038778706,0.8501388865481954,-2.3409532533125015,0.9685729058453376,0.0021791038778706,0.0211668580914072,-0.0202496179172974,0,0.0609344298364506,4
Satyam Computer Services,SATYAM,IT Services,2007,1,1,1.029817812788598,0.8657761069958813,1.0174699908848568,1.1820286589748983,1.211753508733466,0.9205113055508414,0.04114807997658217,0.994052506617649,-2.121509982121512,0.6684693225950419,0.04114807997658217,0.009126210191396,-0.0120406479000112,0,0.098413917729574,0
Satyam Computer Services,SATYAM,IT Services,2008,1,1,1.247937063862581,1.122203831861023,0.8295700971346092,1.004451832118577,1.023575321983114,0.7526748375098916,0.05133372965441241,1.0204008503201432,-1.9734863915569862,0.4937181859551606,0.05133372965441241,0.0569965008371413,0.0478702906457453,1,0.1734470343593556,18
Sintex Industries,SINTEX,Textiles/Plastics,2015,1,0,1.0385111390187398,1.1769526994133614,1.0148991939356573,1.0395484238142982,0.6964809433655361,1.1738003651393918,-0.0025085759733500003,1.1028045186591964,-2.419995317317945,1.0383596020164454,-0.0025085759733500003,0.0242896539112719,0.0185101715726733,0,0.0328577673545081,3
Sintex Industries,SINTEX,Textiles/Plastics,2016,1,0,0.9644745446808579,0.8545563493541913,1.3406065588414307,1.1445235007218144,1.2518547033377374,1.1931761342267453,-0.004245184580621912,0.7960141496768303,-2.280380503819015,1.04666102603844,-0.004245184580621912,0.0423409308079773,0.018051276896705402,0,0.1000916984774704,6
Sintex Industries,SINTEX,Textiles/Plastics,2017,1,1,0.8684118338030264,0.9660365622382775,1.0259612447048447,1.1614374095161952,1.40132342449988,0.5717951620209052,0.07351574525171772,1.0181973270657243,-2.0066702238580154,0.47556073163739676,0.07351574525171772,0.0638030234104426,0.021462092602465295,0,0.0934880593582478,0
Sintex Industries,SINTEX,Textiles/Plastics,2018,1,1,1.703274102555203,1.1422704117197846,0.9030297810771326,1.1217835643654503,0.6899696151693185,1.2651022642288785,0.06796939191736037,1.012751691967122,-1.4558061794868389,0.30167372462783665,0.06796939191736037,0.0818981700320185,0.018095146621575908,0,0.1137229818268112,7
Textiles/Plastics Peer 1 (matched to Sintex Industries),SINTEX_PEER1,Textiles/Plastics,2015,0,0,1.1679982440136725,1.1764184546294638,1.198318079945334,1.1160616318306105,0.9695599426445554,0.785087215450766,0.002623032564056783,1.0573864113101032,-2.021672986356834,0.9551309441902522,0.002623032564056783,0.0132614831181943,-0.017613063083290297,0,0.0369367804479373,2
Textiles/Plastics Peer 1 (matched to Sintex Industries),SINTEX_PEER1,Textiles/Plastics,2016,0,0,0.9495023603290677,0.9362473258213174,0.7162515029051841,1.1320101497213482,1.1896207763924656,0.5766319098134078,-0.0014602364253893778,0.7809821355606978,-2.397588483503983,1.0111291524401431,-0.0014602364253893778,0.0368755303948663,0.023614047276672004,0,0.089106411954737,0
Textiles/Plastics Peer 1 (matched to Sintex Industries),SINTEX_PEER1,Textiles/Plastics,2017,0,0,1.385465602550848,1.0202390890610802,1.0247360192501842,1.1924719661092644,0.8653013008202635,1.5206574902830396,0.00942442179736209,0.6448072371073746,-1.8778055967610374,0.900283042593778,0.00942442179736209,0.0147558510702895,-0.022119679324576803,0,0.0,2
Textiles/Plastics Peer 1 (matched to Sintex Industries),SINTEX_PEER1,Textiles/Plastics,2018,0,0,0.8767812061022991,0.9822585640368439,1.2940959837499528,1.1475768168719274,0.9806621815014697,0.5978911175844915,0.021052681312842228,1.767352751424496,-2.4377554456945756,0.8270982148764604,0.021052681312842228,0.0052279203653896,-0.0095279307048999,0,0.020805653045389,1
Textiles/Plastics Peer 2 (matched to Sintex Industries),SINTEX_PEER2,Textiles/Plastics,2015,0,0,0.9095710081519602,0.9646044004851045,1.2060946428721357,1.1350084772231785,1.3378097743712234,0.8057254696281939,0.01635922820611799,1.0218376913018838,-2.236526504643291,0.8501897760684964,0.01635922820611799,0.0270966186563787,0.0150534070730846,0,0.1335560614281623,3
Textiles/Plastics Peer 2 (matched to Sintex Industries),SINTEX_PEER2,Textiles/Plastics,2016,0,0,0.8208333937797119,1.0644032404368053,1.2023481502895423,1.0988311632315326,1.4521871286899064,0.7466103080523122,-0.00672105336255662,1.3086413603714726,-2.477711303163062,1.0482715494667507,-0.00672105336255662,0.0200799402954881,-0.0070166783608906005,0,0.0442332502596332,5
Textiles/Plastics Peer 2 (matched to Sintex Industries),SINTEX_PEER2,Textiles/Plastics,2017,0,0,1.432680641716213,1.103984076480976,0.6326229490326972,1.0713994910088196,0.6622300750230455,2.3166552248638337,0.0017248752296624894,0.9374426308570275,-2.3485434889896375,0.9585724058271458,0.0017248752296624894,0.0072074602782473,-0.012872480017240801,0,0.0763101009061947,0
Textiles/Plastics Peer 2 (matched to Sintex Industries),SINTEX_PEER2,Textiles/Plastics,2018,0,0,0.816428701932874,0.8932086730526255,1.745278708825097,1.0988761482804836,0.8262293335963914,0.6484695750862082,-0.003038885860950273,0.8758008650231064,-2.249107515575624,1.0282874290931971,-0.003038885860950273,0.0146170090468335,0.007409548768586199,0,0.0481122482775734,0
Textiles/Plastics Peer 3 (matched to Sintex Industries),SINTEX_PEER3,Textiles/Plastics,2015,0,0,1.3071615172847935,1.2107258940090666,1.2793137391195117,1.187634677567275,0.7837228298319429,1.1265530050560448,0.007030346561441962,0.7912291611726511,-1.7514111846483469,0.9100849960030443,0.007030346561441962,0.0288934625377234,0.0278533145291841,0,0.098737590754329,5
Textiles/Plastics Peer 3 (matched to Sintex Industries),SINTEX_PEER3,Textiles/Plastics,2016,0,0,0.9015181433202275,0.7774906951940783,0.8696719163531104,1.1388490149119914,1.042850815486731,1.2430446572778568,-0.007437906110081784,0.9555351963524985,-2.6740252547419217,1.0652650078403407,-0.007437906110081784,0.0195820277212448,-0.0093114348164786,0,0.1001738145438832,5
Textiles/Plastics Peer 3 (matched to Sintex Industries),SINTEX_PEER3,Textiles/Plastics,2017,0,0,0.8772052134816344,1.113198874309611,1.5280701556173522,1.1684719667018924,1.1268219465686258,0.9312725852353348,0.0006329976025582994,1.010679232962235,-2.14370953499529,0.9936703070191316,0.0006329976025582994,0.0096337710083539,-0.009948256712890898,0,0.0755353974606757,0
Textiles/Plastics Peer 3 (matched to Sintex Industries),SINTEX_PEER3,Textiles/Plastics,2018,0,0,1.166001734368649,1.0420483788133328,0.8370321717823097,1.0761559145529067,0.9517635872088808,1.0729424340956362,0.005358540733913423,0.9025112503522699,-2.264126640092796,0.9250185444314677,0.005358540733913423,0.0041439662539974,-0.0054898047543565,0,0.003977212187535,6
Vakrangee,VAKRANGEE,Retail/E-Governance,2014,1,0,1.1372850715418557,0.9731517994870225,1.2110627634441267,1.1836860263427305,1.211222095253493,0.7097792733872532,0.01109384149840622,1.0279182956726083,-2.001768984505558,0.8842486582765566,0.01109384149840622,0.0357537664943554,0.004793124163783604,0,0.0469491324485795,2
Vakrangee,VAKRANGEE,Retail/E-Governance,2015,1,0,1.2321246525203569,0.9663593830776641,0.6325406667310011,1.1869798414805028,1.1384724248450095,1.031378547083706,0.005492421474382362,1.1659023043328032,-2.283898912135744,0.9551671725554578,0.005492421474382362,0.0257224242018727,-0.010031342292482703,0,0.0,0
Vakrangee,VAKRANGEE,Retail/E-Governance,2016,1,1,0.7420084835240777,1.0388234389661273,1.3699697303966438,1.0667346237496114,0.8682131120672459,0.7999945563711405,0.058075162524747745,0.9240826305037996,-2.1720542544483865,0.5476456857869332,0.058075162524747745,0.0251410957271714,-0.0005813284747012981,0,0.0499040799995472,2
Vakrangee,VAKRANGEE,Retail/E-Governance,2017,1,1,1.2060043260111657,0.8948043897915056,1.2929394887459669,1.2026417596068846,0.7986519661341989,1.2526047671379468,0.04641288757730024,0.7696676695561351,-1.8210337700500634,0.5554705582148215,0.04641288757730024,0.0734142810577855,0.048273185330614095,0,0.2766054615347828,22
Yes Bank,YESBANK,Private Banking,2016,1,0,1.2353652217565017,1.171718976519296,0.9815432056344097,1.207805205802357,1.3501003916852197,0.9431806474784141,0.0049063692890240216,1.3435410271686716,-2.034237218033125,0.9379001882602898,0.0049063692890240216,0.0243259445172615,-0.0101253150520038,0,0.0530958241839979,2
Yes Bank,YESBANK,Private Banking,2017,1,1,0.9339561919643263,0.8388132114343672,1.2372851680514088,1.1009477001744556,1.1330038365045398,0.7330983595201447,0.07126178757518903,0.8208270048313955,-1.9867323744620893,0.5054674462450608,0.07126178757518903,0.0817328924959873,0.057406947978725795,0,0.0747278327661426,4
Yes Bank,YESBANK,Private Banking,2018,1,1,1.1167547279545187,1.1786126475311223,0.937504316811461,1.1304469089363391,0.7701374741295399,1.2247996436570785,0.08183070299257963,0.9889621328130925,-1.8657722729340869,0.24320321580267332,0.08183070299257963,0.0332283198356372,-0.0485045726603501,1,0.0186828525810045,7
Yes Bank,YESBANK,Private Banking,2019,1,0,0.7822894202535782,0.9969690525815486,1.0483104014683498,1.1056797471097939,0.6395698400827459,0.9918263633711916,0.01822190402933778,1.0454696788546691,-2.5377622359110354,0.8219835320765218,0.01822190402933778,0.0123802554168974,-0.0208480644187398,0,0.0574313547651415,3
