company,ticker,sector,fiscal_year,is_fraud_case,label,revenue,cogs,sga,depreciation,net_income,receivables,current_assets,ppe_net,total_assets,current_liabilities,long_term_debt,total_liabilities,cfo,related_party_pct_revenue,auditor_changed,promoter_pledge_pct,results_filing_delay_days
Satyam Computer Services,SATYAM,IT Services,2004,1,0,3163637379.6570644,2338134878.647936,387725299.1206568,89906736.95882289,236259684.8285426,561823906.8425457,927400677.6186289,1898182427.7942386,3306395627.851712,450960133.92392397,738567667.8304421,1189527801.754366,208205407.27060857,0.02368750784082499,0,0.0020558699585500537,4
Satyam Computer Services,SATYAM,IT Services,2005,1,0,3380032187.7092743,2371085066.9805193,393107047.743533,89893146.74304055,389793502.8086638,511849913.51742953,826048677.5879056,2124129510.0135295,3511159681.187335,430308116.5322706,774690441.4848164,1204998558.017087,383738325.8959093,0.041416476008704614,0,0.029679249180769224,0
Satyam Computer Services,SATYAM,IT Services,2006,1,0,3853297696.242524,2791379644.740443,509866765.347962,137350262.56059098,279633989.67733115,552988200.0184381,988456523.4530289,2380518280.1260614,4032888845.584095,504254425.36439687,672381435.3591934,1176635860.7235904,270845905.95489776,0.02116685809140728,0,0.06093442983645065,4
Satyam Computer Services,SATYAM,IT Services,2007,1,1,4554708308.520616,3104890555.1597996,554771110.7494828,126006312.6238469,551818916.8400208,673138251.223409,1028261321.3857025,2673040402.380978,4446013019.537201,474151740.3889349,815302346.96391,1289454087.352845,368874017.53517836,0.009126210191396058,0,0.09841391772957404,0
Satyam Computer Services,SATYAM,IT Services,2008,1,1,4574985105.259237,3277295632.762712,419421172.6997062,137156563.01997605,510464559.3772208,843773863.9165306,1353520464.177822,2981404443.1861167,5034485607.551891,538626104.3250124,951287441.008532,1489913545.3335445,252025636.25012183,0.056996500837141376,1,0.17344703435935563,18
IT Services Peer 1 (matched to Satyam Computer Services),SATYAM_PEER1,IT Services,2004,0,0,682590980.5734411,506005092.8234789,90581883.8207768,19719293.3736116,40199004.70206899,113494591.3828382,193195642.1566559,409554588.34406465,746027392.505772,121690442.42737472,164663517.94798872,286353960.37536347,35006778.66376255,0.0,0,0.0633855731171918,0
IT Services Peer 1 (matched to Satyam Computer Services),SATYAM_PEER1,IT Services,2005,0,0,725218430.879731,516689643.8302722,78148134.10235453,21246032.197746646,80028309.52022935,113734050.78875577,171234390.0855481,458102147.5383732,701683974.1344947,79972622.53071645,138449877.12703446,218422499.6577509,87345649.43094134,0.021302745214728858,0,0.09913697555115289,0
IT Services Peer 1 (matched to Satyam Computer Services),SATYAM_PEER1,IT Services,2006,0,0,786434074.1671546,578460256.5334777,79192074.7526702,20741309.781889316,84965534.0939327,139017781.47953567,203459334.9094665,511166915.67288214,854569984.5043876,100426860.03264286,164221094.61215383,264647954.64479667,80440184.60490686,0.013452123045706095,0,0.07230361007410403,0
IT Services Peer 1 (matched to Satyam Computer Services),SATYAM_PEER1,IT Services,2007,0,0,843794186.620549,621680701.1910475,79688976.47296865,26041969.00689082,88329059.72742242,133004943.26164961,222207930.62332088,568691632.4740961,950528591.4115552,104957575.9804078,170575814.18745887,275533390.1678667,91730002.06478353,0.024287564384616135,0,0.1267877995997996,2
IT Services Peer 1 (matched to Satyam Computer Services),SATYAM_PEER1,IT Services,2008,0,0,923454777.3171878,680340597.4326088,85545910.30458517,35326429.749642305,93659654.53269196,140675641.124542,260012673.12534073,631925120.3141783,999786811.3233545,94289774.47707205,232116844.4997226,326406618.97679466,86019985.44734858,0.019948781332799287,0,0.04182785507377437,3
IT Services Peer 2 (matched to Satyam Computer Services),SATYAM_PEER2,IT Services,2004,0,0,1149727310.9957645,833893663.8334568,109941224.06814422,29443640.53250514,117037388.42507917,153456571.10550088,269133659.47732466,689836386.5974587,1114729258.1045592,130432583.20616296,278836025.953929,409268609.160092,116223889.03727798,0.03337398107442743,0,0.042274716037504975,0
IT Services Peer 2 (matched to Satyam Computer Services),SATYAM_PEER2,IT Services,2005,0,0,1280363232.8624563,904852880.958296,159853267.45611063,39541287.16620956,110209848.65643649,210702420.51014197,403204367.74327224,774549639.8385053,1441899777.5335784,131794359.64869705,267661055.25248525,399455414.9011823,91796498.50042036,0.014092929860365136,0,0.06578025017951702,5
IT Services Peer 2 (matched to Satyam Computer Services),SATYAM_PEER2,IT Services,2006,0,0,1454182210.6823468,1049734169.8859258,155476902.95532608,28012718.779273856,148454604.73009643,217271125.77098364,337187039.94209063,870495239.5677778,1421697363.226394,123380718.12343939,180054754.7899693,303435472.9134087,166319597.56470042,0.00712577418725969,0,0.0,7
IT Services Peer 2 (matched to Satyam Computer Services),SATYAM_PEER2,IT Services,2007,0,0,1494889301.9311426,916139896.3711337,144359467.83312634,42094221.92818563,273460625.7101752,209677446.52743495,351833112.1625577,971354561.8513683,1582282078.096911,192385259.30299205,286697165.11564565,479082424.4186377,256859969.4957907,0.006251041916300182,0,0.03809131280126674,1
IT Services Peer 2 (matched to Satyam Computer Services),SATYAM_PEER2,IT Services,2008,0,0,1656413980.4294677,1147952702.7702765,180372642.27223945,53597734.41815815,200552876.52171528,276679321.5202768,444081664.7804749,1083315897.7283828,1775863853.2701719,174865701.36250475,383275306.60768735,558141007.9701921,188964344.12292245,0.04093168308930595,0,0.1286677451237621,3
IT Services Peer 3 (matched to Satyam Computer Services),SATYAM_PEER3,IT Services,2004,0,0,482240243.73209774,362807457.7595695,66813792.4357146,15562906.185249517,23140728.57708759,79701939.97524035,128431996.38099328,289344146.23925865,485885278.06446445,56870705.095540896,91055450.68909255,147926155.78463346,22266124.762921356,0.03471491972993157,0,0.0,1
IT Services Peer 3 (matched to Satyam Computer Services),SATYAM_PEER3,IT Services,2005,0,0,513828687.3674419,356959166.78387374,64701246.54788451,14459358.715357605,46016415.2060217,99963831.84214775,135583860.73305917,323715904.9948085,549689857.2646769,58283328.80080637,108252502.90765996,166535831.70846635,39839545.24265222,0.016655438276441233,0,0.11500222973494793,3
IT Services Peer 3 (matched to Satyam Computer Services),SATYAM_PEER3,IT Services,2006,0,0,594831579.7799658,385469096.37846106,85387025.05304219,19150860.507839065,80421088.2999198,105023323.0696611,160978285.67149964,363168961.1336511,614559490.3554039,63082795.28179814,153319807.9965062,216402603.27830434,68819197.10743293,0.027823503424176613,0,0.040467447124742026,5
IT Services Peer 3 (matched to Satyam Computer Services),SATYAM_PEER3,IT Services,2007,0,0,666514715.0229714,451546343.6147659,104251514.90118909,22430801.87574051,53095055.55460928,91019153.6041313,150761802.2776903,407389765.7188092,688346454.9061466,88480279.1285163,113613976.84431866,202094255.97283494,46134432.38585279,0.02032782092876261,0,0.0,0
IT Services Peer 3 (matched to Satyam Computer Services),SATYAM_PEER3,IT Services,2008,0,0,752632239.422767,519797715.9770952,107706370.43007325,24869834.73325591,56689614.790492,121505454.09835592,202998821.4877402,457243070.66151184,809629073.4250042,59258675.83604555,137997088.7632098,197255764.59925532,56534994.19628111,0.004184056005460578,0,0.12379745240267545,3
DHFL,DHFL,Housing Finance NBFC,2014,1,0,1848850712.924404,1281194331.3197997,231858571.36453468,47484538.84666555,193926300.72629237,309992874.4567207,531848461.18314517,1109310427.7546422,1859774240.1817884,217239624.85436168,509713491.3118858,726953116.1662475,172693880.53179884,0.011777499827096798,0,0.06011530959155968,4
DHFL,DHFL,Housing Finance NBFC,2015,1,0,2010000707.520319,1406311503.8713903,294624319.4433377,68910803.78139892,173413100.89078134,397991261.1713082,518449707.43161166,1243089775.9632974,2159776161.573717,222800561.30134094,443605112.9143466,666405674.2156875,182909905.44906712,0.003977404589410746,0,0.0,0
DHFL,DHFL,Housing Finance NBFC,2016,1,0,2296527409.051011,1662281859.032672,295776039.40092504,74914881.01408458,182857815.08035913,480703737.7918717,688687546.8532966,1395208839.694747,2460025258.387953,307824403.93611926,509008922.40859455,816833326.3447138,184834626.3393108,0.022292113741150685,0,0.07650323528007334,0
DHFL,DHFL,Housing Finance NBFC,2017,1,1,2711997839.2762837,1894012923.6752605,310783952.84087056,83705204.62815629,280557663.5483056,445350734.89174825,692055305.6696808,1569429924.516161,2821599227.9460397,212151136.50240234,383374355.13628525,595525491.6386876,237096133.33885044,0.015415705693802642,0,0.016086777992241168,4
DHFL,DHFL,Housing Finance NBFC,2018,1,1,3180306743.4712167,2198993828.0062103,289355812.4969001,63562494.936303146,441996647.23521256,694711501.499904,896873033.7669278,1764670766.3268354,3168811428.3380136,433845672.0612509,646967989.0311024,1080813661.0923533,83760964.88076344,0.11178587217141271,1,0.10749906156451494,15
Housing Finance NBFC Peer 1 (matched to DHFL),DHFL_PEER1,Housing Finance NBFC,2014,0,0,3213499221.348029,2227943457.5668755,477732580.5818362,97875476.74692705,290668852.2971521,503207782.8280252,774460383.4641955,1928099532.8088174,3226067991.9338703,330891624.6738164,752574759.7254988,1083466384.399315,301372139.921919,0.0236653140723723,0,0.03568756332221541,3
Housing Finance NBFC Peer 1 (matched to DHFL),DHFL_PEER1,Housing Finance NBFC,2015,0,0,3703731578.579183,2626909369.3039412,513748098.0661871,77196764.62082748,322243394.8041472,481850972.3964831,953251722.4422654,2171129097.722041,3779406303.543135,391152556.22589403,471952709.06581146,863105265.2917055,229707238.12786886,0.014565044920673655,0,0.17102075061237013,3
Housing Finance NBFC Peer 1 (matched to DHFL),DHFL_PEER1,Housing Finance NBFC,2016,0,0,3941964745.4648805,2825549748.5498047,509702365.2490581,87492728.38073131,345350723.8527786,623926244.5935785,1080469316.1840687,2433361207.926946,4145882615.8762054,525726121.49295855,686480989.2676644,1212207110.760623,352888083.7546006,0.03628936947623991,0,0.0014925240174293725,0
Housing Finance NBFC Peer 1 (matched to DHFL),DHFL_PEER1,Housing Finance NBFC,2017,0,0,4376580401.880072,2888221254.891725,508441001.38186455,162017098.0176946,538075191.2427721,904340650.0886716,1478960974.83886,2725191064.258758,4813139571.9328,442811717.8095792,854677807.3758616,1297489525.1854408,530642605.8404659,0.004342409278194858,0,0.08187354513255607,0
Housing Finance NBFC Peer 1 (matched to DHFL),DHFL_PEER1,Housing Finance NBFC,2018,0,0,5312761362.978803,3535991311.408667,383128690.74167484,138488659.59228957,747665084.0620837,876357614.6833868,1388589985.1631365,3072584864.335461,5217705017.188843,620617138.8726815,1096601995.613763,1717219134.4864445,649958055.0926567,0.02706849640899051,0,0.0831332985192742,3
Housing Finance NBFC Peer 2 (matched to DHFL),DHFL_PEER2,Housing Finance NBFC,2014,0,0,2085518281.7729874,1507007663.5807555,207206140.39112076,49588705.13222585,204469719.69623628,347626497.12347066,558311479.2623302,1251310969.0637925,2074554056.0994163,287809221.11742806,491608389.1425452,779417610.2599733,191634774.13793978,0.01347083855335288,0,0.07742139604148998,2
Housing Finance NBFC Peer 2 (matched to DHFL),DHFL_PEER2,Housing Finance NBFC,2015,0,0,2339652699.157338,1739400334.9465487,277577320.1108142,73254944.94969869,158385569.2796499,306268844.7766106,602758343.0017443,1405832933.093573,2447132267.497648,268942266.64316165,533897495.39392895,802839762.0370905,119930541.81784773,0.00843652339734667,0,0.03531105399239351,0
Housing Finance NBFC Peer 2 (matched to DHFL),DHFL_PEER2,Housing Finance NBFC,2016,0,0,2787469085.893357,1891487616.8132324,445844337.00364447,67225186.79471938,244346385.73356986,535813782.89746237,746414079.3348956,1587381375.3810482,2772741232.3659883,436032575.1634956,325553211.66847885,761585786.8319745,207087096.00150335,0.01576393393539162,0,0.02397057935722945,4
Housing Finance NBFC Peer 2 (matched to DHFL),DHFL_PEER2,Housing Finance NBFC,2017,0,0,3084379792.966811,2136704744.3790855,260632432.95515868,100480000.94796506,381924441.993061,550113869.6667206,891932957.0774233,1789221806.2908201,3214406383.0824437,397767747.6233395,371971537.8010702,769739285.4244096,379267300.15281963,0.00965691948325601,0,0.061763805579413175,0
Housing Finance NBFC Peer 2 (matched to DHFL),DHFL_PEER2,Housing Finance NBFC,2018,0,0,3385775119.257545,2324708190.8105345,351673764.2824194,79859691.14797796,450551445.13274485,734010548.5688027,1042749060.3907287,2012187216.4424222,3566063825.6318235,424502623.51858485,602724351.5427446,1027226975.0613295,445005563.9037734,0.014665476528352756,0,0.02941808388918954,6
Housing Finance NBFC Peer 3 (matched to DHFL),DHFL_PEER3,Housing Finance NBFC,2014,0,0,1179335944.43421,894060642.6994743,134197015.06613056,33692313.26868085,78707742.16443603,202363696.85587093,332668699.3152064,707601566.660526,1164298469.7503421,158012070.09047925,352356593.11802393,510368663.2085032,75855123.81685157,0.01662674837931494,0,0.04289983927962394,3
Housing Finance NBFC Peer 3 (matched to DHFL),DHFL_PEER3,Housing Finance NBFC,2015,0,0,1195243755.5104125,898727861.7369392,147358989.88520125,33523814.678575587,89313986.39094633,231109645.92334172,324249237.93985,788591801.4358625,1313185138.2618928,151064474.07734638,205576031.13520697,356640505.2125534,86115803.40487824,0.032125188368316,0,0.03381041478566997,0
Housing Finance NBFC Peer 3 (matched to DHFL),DHFL_PEER3,Housing Finance NBFC,2016,0,0,1403739063.9689047,983356953.5462362,143113356.66850927,39709385.17507577,160571273.6812682,179238995.73639345,333146823.102705,882436508.6773837,1404131371.7770162,96444051.24213362,335927481.04308283,432371532.28521645,156041490.67853597,0.012861251759635161,0,0.0,4
Housing Finance NBFC Peer 3 (matched to DHFL),DHFL_PEER3,Housing Finance NBFC,2017,0,0,1701294010.363177,1173075363.6038628,285225421.0957422,54613142.04206347,131750234.37118885,299998559.4716662,491397034.6849868,993974304.455864,1804452008.4861403,186416810.064728,321606807.2440477,508023617.30877566,120112966.24817875,0.02790801721178989,0,0.12491872201483661,0
Housing Finance NBFC Peer 3 (matched to DHFL),DHFL_PEER3,Housing Finance NBFC,2018,0,0,1860857064.5473974,1326313240.9491153,234991904.16271868,53539076.81895806,178999604.25591508,266969531.79053774,423935938.9958888,1116836386.8169098,1690365359.1574945,187438979.6082246,260725662.00914508,448164641.61736965,167169811.75728786,0.03112965891660264,0,0.037746967440464886,0
IL&FS,ILFS,Infrastructure Finance,2013,1,0,1722666198.5627341,1217315322.343824,229027943.64296922,51562441.622159116,160722447.1500233,275210235.3813498,440217883.9152611,1033599719.1376405,1669380306.9545097,152852931.56769574,391114858.14093065,543967789.7086264,148173850.73626584,0.009777197183526706,0,0.04519105315383339,5
IL&FS,ILFS,Infrastructure Finance,2014,1,0,1984454517.7678614,1524898778.0702765,178734313.93924677,50376504.68800699,173538608.75837526,347966846.13074684,501160348.16868484,1163830436.6001627,1896008921.6695127,255907861.19751933,384726216.901799,640634078.0993184,172479868.01624805,0.01812329009071548,0,0.06390718632273135,2
IL&FS,ILFS,Infrastructure Finance,2015,1,0,2125274679.4505422,1438103195.4596431,289335246.8885344,46544875.71535687,199405824.23277014,390528790.0492393,559674172.7815725,1305009083.6706946,2064894625.4455376,259242485.48347548,509083067.6266308,768325553.1101062,218111598.41171783,0.02516297572101451,0,0.031414165170715255,0
IL&FS,ILFS,Infrastructure Finance,2016,1,1,2345798983.5109406,1623331206.9371343,258129042.949335,52570237.0825738,295758978.24302804,455554444.2416304,633641589.1133093,1458241657.4012368,2486101332.5812387,302985544.0157618,551373412.8098975,854358956.8256593,176680704.41164112,0.033784309963197465,0,0.08700071181521678,3
IL&FS,ILFS,Infrastructure Finance,2017,1,1,2807205808.6582813,1941826742.046074,293895328.3420099,59166051.99205263,368843570.42186636,600789030.2871646,612333899.9267651,1631169083.5026727,2856965944.08579,361482375.5712624,657172846.0081989,1018655221.5794613,343772574.6831948,0.09141961786959948,0,0.3243263576350538,13
Infrastructure Finance Peer 1 (matched to IL&FS),ILFS_PEER1,Infrastructure Finance,2013,0,0,3005203113.6153426,2171519973.5468783,306870543.1874059,85253675.44171216,331776009.6904689,460641186.07693124,875663355.1770906,1803121868.1692054,3132773126.5707674,466028328.3090687,611940450.1951635,1077968778.5042322,318665756.6110892,0.023654744726428346,0,0.20894268396837679,4
Infrastructure Finance Peer 1 (matched to IL&FS),ILFS_PEER1,Infrastructure Finance,2014,0,0,3383369924.602042,2440147073.402697,471573955.9781404,95380031.11949319,246648940.33847165,543442668.7913966,900630168.669156,2026384020.4443836,3435939193.1752834,428780095.505952,760195687.7732453,1188975783.2791972,196096426.00775203,0.026665726686095337,0,0.0008990290084849722,0
Infrastructure Finance Peer 1 (matched to IL&FS),ILFS_PEER1,Infrastructure Finance,2015,0,0,3966857538.3525434,2783751549.337541,482685718.1238323,105250525.36643873,429445677.91937697,602411448.5863296,952694954.998656,2285518417.9753423,3827697851.7907734,498147202.39690894,572644086.4526993,1070791288.8496082,432856599.2574442,0.020630023683346998,0,0.0,0
Infrastructure Finance Peer 1 (matched to IL&FS),ILFS_PEER1,Infrastructure Finance,2016,0,0,4224262042.418535,2958544627.338297,488242968.02742565,124543492.97157636,443079518.17325014,755944332.3148638,1084498571.3948925,2565297072.6355295,4134913496.952694,414541715.6313389,886714970.7190627,1301256686.3504016,465054397.0391251,0.015686605617604897,0,0.0,0
Infrastructure Finance Peer 1 (matched to IL&FS),ILFS_PEER1,Infrastructure Finance,2017,0,0,4624754777.835876,3352906061.4010215,503383386.5966935,129299157.05952564,435865984.92533314,837019532.0024014,1236966724.498996,2873493723.7063894,4684533391.787821,599264212.0355297,577218350.6374105,1176482562.6729403,427660954.3955893,0.02102553183726267,0,0.04262787550409163,6
Infrastructure Finance Peer 2 (matched to IL&FS),ILFS_PEER2,Infrastructure Finance,2013,0,0,3783693769.9309664,2770751106.7326035,397154974.0340937,121022075.21654771,350184763.14391744,680111777.1031516,1146074251.9496746,2270216261.9585795,4146880359.639382,494106016.5969064,1112074859.3237066,1606180875.920613,279985368.8249977,0.016820934513715375,0,0.006649737183828684,2
Infrastructure Finance Peer 2 (matched to IL&FS),ILFS_PEER2,Infrastructure Finance,2014,0,0,4511721578.703857,3235551698.2942023,526413431.0245534,177810892.4706705,384069454.5276604,700916761.634812,1158920865.006587,2563908828.75253,4400402298.173364,581860856.6985301,1136471557.5096996,1718332414.2082295,415483078.9254096,0.02309620081909167,0,0.0794773443017801,0
Infrastructure Finance Peer 2 (matched to IL&FS),ILFS_PEER2,Infrastructure Finance,2015,0,0,4967327595.0012455,3490224693.52767,689493827.5242536,170527577.42011327,426144440.1695277,843528395.5260581,1459507443.008267,2889192473.3651686,5136919307.380203,560741910.2315202,1113643333.323745,1674385243.5552652,304928698.1881115,0.023828857363850493,0,0.0,0
Infrastructure Finance Peer 2 (matched to IL&FS),ILFS_PEER2,Infrastructure Finance,2016,0,0,5259999269.396543,3610710413.2510037,681435991.6303602,127228105.41058853,541694305.8205028,790679920.3346831,1552635031.3654246,3238868211.0359507,5580200180.0217085,674125312.1732415,1567164176.483063,2241289488.6563044,520287721.9494821,0.009976560193091987,0,0.0445136274152855,1
Infrastructure Finance Peer 2 (matched to IL&FS),ILFS_PEER2,Infrastructure Finance,2017,0,0,5853310266.828134,4336964876.511676,672447942.2241131,153877904.98607466,501104535.1763241,903423817.4544849,1476324528.444003,3628699770.708436,6022200911.209426,774605329.7747674,903416787.5198874,1678022117.2946548,434293765.4983007,0.031046792154025303,0,0.029383156389763472,0
Infrastructure Finance Peer 3 (matched to IL&FS),ILFS_PEER3,Infrastructure Finance,2013,0,0,2049300699.2082932,1411493576.9281325,271818485.83617365,47090172.75327893,222129365.15209258,352656468.2605873,545183360.4878759,1229580419.5249758,2052477418.5987368,281596688.2866661,562304360.173125,843901048.4597912,242909479.3805922,0.03314807871505905,0,0.04451329091849082,3
Infrastructure Finance Peer 3 (matched to IL&FS),ILFS_PEER3,Infrastructure Finance,2014,0,0,2312707138.820997,1565691895.2810988,283129838.8267708,70893310.51905571,283421047.4717162,336300600.13135433,548400217.6493018,1382103189.051775,2321390949.2029524,277663308.77705383,503766207.8971258,781429516.6741796,284443159.95525026,0.016251585371023905,0,0.0878124081814903,3
Infrastructure Finance Peer 3 (matched to IL&FS),ILFS_PEER3,Infrastructure Finance,2015,0,0,2425501079.9729147,1787701970.2570949,361026366.17019665,66692247.81532164,125469574.58774221,338549249.9971386,583630286.8094225,1544841338.7219741,2472370046.618728,274720403.57111657,571080638.1882273,845801041.7593439,122607617.2168914,0.023160478706442864,0,0.07049142286643464,3
Infrastructure Finance Peer 3 (matched to IL&FS),ILFS_PEER3,Infrastructure Finance,2016,0,0,2714570524.717576,2071865007.5743723,305962596.21257526,51845445.84774862,194243952.1611766,491094705.87051183,827030104.6747017,1726915105.119512,2977644203.575872,298583154.317758,667760699.4437863,966343853.7615442,176328169.88996053,0.01998607348556651,0,0.0993068158480384,0
Infrastructure Finance Peer 3 (matched to IL&FS),ILFS_PEER3,Infrastructure Finance,2017,0,0,3093044969.683976,2090371470.910058,413070054.2798925,78025278.95515974,372784301.14355546,501192422.21380764,763338904.4397148,1933374806.7572963,3080943571.0392866,337905105.7845328,699773860.3759012,1037678966.160434,325645721.2715838,0.0243751224861987,0,0.0,1
Yes Bank,YESBANK,Private Banking,2015,1,0,3121583340.2617702,2146603115.905376,381978658.32715964,100588759.34108242,331056882.8686904,470955080.05944085,853800705.6412809,1872950004.157062,3134644840.813525,370828377.63248706,458917873.95861334,829746251.5911005,326555137.484421,0.03445125956926534,0,0.046132191008957296,1
Yes Bank,YESBANK,Private Banking,2016,1,0,3770264608.7140756,2765257252.7436743,435141873.51116097,83081659.1294672,308794288.03381693,702702912.9516754,1291558739.5932589,2117651734.7174778,3908402736.030577,560660980.7153305,829314690.2719175,1389975670.987248,289618220.88061905,0.02432594451726152,0,0.05309582418399796,2
Yes Bank,YESBANK,Private Banking,2017,1,1,4150864150.0129056,2831785573.1245174,351204291.04798424,82036831.87263952,586959233.3522298,722545080.0175741,1049550638.9148839,2380045283.6005607,4073297323.8069873,491620750.2582738,697444365.3390149,1189065115.5972886,296688784.7325103,0.08173289249598738,0,0.07472783276614267,4
Yes Bank,YESBANK,Private Banking,2018,1,1,4692331547.796754,3427159056.2142305,486267266.3594272,121370180.35850388,507806192.76448214,912163980.0637267,1316679789.5260055,2683894906.6067567,4696355764.101116,474733055.9679729,881081142.9224489,1355814198.8904219,123500099.08483426,0.03322831983563729,1,0.018682852581004578,7
Yes Bank,YESBANK,Private Banking,2019,1,0,5188215959.123222,3785087550.1510596,533261264.3988985,219394713.23790684,500920426.57754254,788986786.7907106,1109812529.4633584,3023822551.7611203,4893675485.640062,519044483.40859836,957973548.7911174,1477018032.1997159,411748341.5274864,0.012380255416897423,0,0.057431354765141544,3
Private Banking Peer 1 (matched to Yes Bank),YESBANK_PEER1,Private Banking,2015,0,0,2231098341.8462377,1562480917.3052351,206314683.6829345,63405609.38345376,278537176.8354411,350684577.41122544,642145398.4537508,1338659005.1077425,2382904823.1546392,256279389.5509985,565954408.835659,822233798.3866575,307700988.2294359,0.03960484600783027,0,0.0,0
Private Banking Peer 1 (matched to Yes Bank),YESBANK_PEER1,Private Banking,2016,0,0,2358673528.130164,1545998310.6803463,233118033.37696955,55162992.03911317,343840181.6659664,372557356.4758002,577735365.4925128,1496752451.667483,2380581433.8053684,249437411.83689553,371429072.11914706,620866483.9560425,389409537.6240794,0.02297511071185555,0,0.09433795272023693,0
Private Banking Peer 1 (matched to Yes Bank),YESBANK_PEER1,Private Banking,2017,0,0,2698764600.486136,1904190819.2687073,285337467.54917115,45181255.08911419,283583831.0493055,449522122.4108567,790913452.1540344,1676593255.2418144,2868723714.7773156,393510307.9867881,632694516.1912547,1026204824.1780429,287158321.88226026,0.010991030046954248,0,0.07619754770963355,4
Private Banking Peer 1 (matched to Yes Bank),YESBANK_PEER1,Private Banking,2018,0,0,2909245386.55225,2086800024.8245363,381666251.2223664,95513257.21934846,225293692.50147736,396580864.11514276,692538719.7452921,1872353322.2266812,3029819408.518782,302996404.0666064,609991320.8603519,912987724.9269583,224312079.52284253,0.02618190714665301,0,0.12759400600612442,5
Private Banking Peer 1 (matched to Yes Bank),YESBANK_PEER1,Private Banking,2019,0,0,3302907937.8095727,2411250759.10607,507563557.646546,90318405.57584992,215115033.30861008,501239440.97615564,712117108.6110317,2093669318.7839603,3284222764.5872283,293338967.21758735,815685861.4435788,1109024828.6611662,230462073.88020074,0.012030890107033098,0,0.06509853712596356,0
Private Banking Peer 2 (matched to Yes Bank),YESBANK_PEER2,Private Banking,2015,0,0,1486647522.7680814,996083439.4450969,181294090.91333118,50514632.717340335,170168422.5676938,234429481.18704802,358235788.6902938,891988513.6608489,1502749886.9640484,197731524.19867945,345148189.9266257,542879714.1253052,182583443.10874024,0.03449344801236304,0,0.03125276550754323,3
Private Banking Peer 2 (matched to Yes Bank),YESBANK_PEER2,Private Banking,2016,0,0,1696234775.5885086,1219097538.1679783,204340495.05838844,45800463.906477906,172744965.90037155,264000992.31052214,474117616.47679454,1003559907.8500998,1621656540.3894722,135220355.81034988,388860156.0944899,524080511.90483975,164943367.2059996,0.022504463002607607,0,0.0,1
Private Banking Peer 2 (matched to Yes Bank),YESBANK_PEER2,Private Banking,2017,0,0,1880205803.3060634,1203133761.701797,256617994.56118423,58001590.25436459,238510862.1973166,220766323.97575226,418475244.59800225,1127676995.250906,1875873577.7597628,166374924.3417799,313137991.94383603,479512916.2856159,204499888.09569928,0.010346488051912364,0,0.05267408134109501,0
Private Banking Peer 2 (matched to Yes Bank),YESBANK_PEER2,Private Banking,2018,0,0,2217864295.435679,1511633952.6157627,299582680.3230631,63751371.54057755,190638190.49939904,409546470.8581079,508108613.8386274,1272400519.880217,2090065985.0022368,213802083.54930466,502093447.9947203,715895531.544025,170810080.7970269,0.024039540207356117,0,0.07827302095845466,7
Private Banking Peer 2 (matched to Yes Bank),YESBANK_PEER2,Private Banking,2019,0,0,2419048320.069018,1708061615.085896,308479188.4204219,54609344.79210796,257277891.92004308,359917902.8388795,600746365.0306768,1431524951.4800744,2281707782.019408,301353913.4915359,566715322.5925971,868069236.084133,250443229.05055782,0.004111024358212749,0,0.043809535283517026,4
Private Banking Peer 3 (matched to Yes Bank),YESBANK_PEER3,Private Banking,2015,0,0,1573321988.8343875,1013557870.1153576,203542326.44719163,52375008.03005676,247798378.8515655,226624988.28324348,397418416.76880956,943993193.3006325,1598130135.5777578,172224780.49999666,237130787.6739885,409355568.1739851,281198516.1644474,0.02326843470388023,0,0.013385730929896221,4
Private Banking Peer 3 (matched to Yes Bank),YESBANK_PEER3,Private Banking,2016,0,0,1678749287.5105183,1180621321.6199274,192959423.5446484,55082054.54088029,153904696.75145727,370092282.7823697,553619119.8987626,1056250453.4751774,1842734992.465138,184423861.93702754,330739607.1085153,515163469.04554284,143082577.99779385,0.016221934672417282,0,0.09581557205372834,0
Private Banking Peer 3 (matched to Yes Bank),YESBANK_PEER3,Private Banking,2017,0,0,1922271587.1696255,1295880164.867357,216075378.07410082,61291127.70653236,217669600.1707746,438650288.9195653,572642046.2957796,1184051546.437914,2092848207.1261551,246237419.09801885,250590188.84960297,496827607.9476218,206363016.01738873,0.023645344890332626,0,0.07780376369115755,2
Private Banking Peer 3 (matched to Yes Bank),YESBANK_PEER3,Private Banking,2018,0,0,2154489332.9175515,1489318883.6120417,322036320.4596077,77842064.89101534,142368257.18126768,337623515.6168611,477574895.20540977,1327297559.476929,2134133346.4490635,312347425.95123255,310882634.1732096,623230060.1244421,139081269.55063784,0.010841765227035623,0,0.016404398816016158,6
Private Banking Peer 3 (matched to Yes Bank),YESBANK_PEER3,Private Banking,2019,0,0,2426986694.7047725,1738394104.6089234,313674074.5836759,50102493.488290444,251120424.07811537,379459377.3548056,650094921.264353,1488465820.9964755,2399960356.586766,348638130.890834,441114540.45089835,789752671.3417323,234464721.02137935,0.015083443850345156,0,0.020967429862720766,4
Manpasand Beverages,MANPASAND,FMCG Beverages,2014,1,0,3676060546.2938747,2327343504.8750873,325851122.6917793,133458226.12131263,665628601.4440669,757379317.5515119,1196384687.939874,2205636327.7763247,3956520435.344681,425156535.3582516,749877571.8927478,1175034107.2509995,653143038.1438057,0.03401186275033896,0,0.059065710893070986,0
Manpasand Beverages,MANPASAND,FMCG Beverages,2015,1,0,4176261831.535484,2820092583.8691397,578090753.8494378,138958002.95260206,458425115.1415794,590607853.0337299,935717974.4517796,2480618509.1863885,3837872076.1260834,520942608.6329516,751561127.4786147,1272503736.1115663,419367746.25570756,0.0,0,0.0,5
Manpasand Beverages,MANPASAND,FMCG Beverages,2016,1,0,4634181475.9636345,3336326958.112635,589522722.5753157,106802000.98648974,452311470.758966,768351032.8074844,1447330892.9780211,2786746138.260162,5140028011.339523,527688162.64892083,875547183.9116218,1403235346.5605426,417916077.7843262,0.02509898248476536,0,0.044738793287456446,0
Manpasand Beverages,MANPASAND,FMCG Beverages,2017,1,1,5310607921.159694,3477560212.416564,637190280.9031161,214637026.50519782,681549236.9525138,936464550.3444848,1528621682.3824215,3132302116.4398723,5236940774.713557,539230506.95871,1212910956.4894385,1752141463.4481485,429409593.4979001,0.036191784562262255,0,0.0,0
Manpasand Beverages,MANPASAND,FMCG Beverages,2018,1,1,5750289846.22425,4117391765.474435,573847101.1107103,148653274.2311888,588826521.1092182,902297842.7776499,1486359088.6348305,3512650911.955407,5738526624.521604,622441202.3857322,974708964.9704335,1597150167.3561656,524411254.8301829,0.0574757152610885,1,0.09196846697894906,9
FMCG Beverages Peer 1 (matched to Manpasand Beverages),MANPASAND_PEER1,FMCG Beverages,2014,0,0,702031282.0703709,459485750.6947026,80580557.10378012,24009198.178717446,95444395.97086723,131474316.97455111,198354607.2199154,421218769.24222255,687374053.0721631,72965760.41718094,156418555.2433094,229384315.66049033,93692106.39294364,0.004329417497645618,0,0.013782874029589949,0
FMCG Beverages Peer 1 (matched to Manpasand Beverages),MANPASAND_PEER1,FMCG Beverages,2015,0,0,752312791.2744284,534867377.40632,69575187.10506642,20205725.626705,82160976.06654106,132544292.84292243,205581670.51592928,471470971.88321066,781051464.4966391,92382871.9480774,124320933.72184397,216703805.66992137,70514939.80278996,0.010597787910742831,0,0.018259341801427166,0
FMCG Beverages Peer 1 (matched to Manpasand Beverages),MANPASAND_PEER1,FMCG Beverages,2016,0,0,857613197.9805864,596159706.0850735,115429859.60987446,18922813.693131916,86588250.63119109,143075758.7957211,228615149.4279548,528495760.9387363,848354112.2524458,81260749.2838831,170918903.0177233,252179652.3016064,89385265.30951245,0.0,0,0.067286328990079,5
FMCG Beverages Peer 1 (matched to Manpasand Beverages),MANPASAND_PEER1,FMCG Beverages,2017,0,0,894066983.6660107,629951350.0730836,117126395.76047868,23679055.24764466,83114970.76630229,101130718.37784854,207395332.26854867,589053982.9501989,904139819.4499419,99142589.91275938,118151081.4625142,217293671.3752736,69584054.9757321,0.018261622999053838,0,0.01352114029321768,3
FMCG Beverages Peer 1 (matched to Manpasand Beverages),MANPASAND_PEER1,FMCG Beverages,2018,0,0,959145594.1509303,658380408.9832021,121252301.79125425,29918632.311427627,113525343.3727829,152409484.36647287,270052332.7993853,654682882.1462513,1104993387.6709273,87823904.49425572,203741142.65254706,291565047.1468028,120183569.30415581,0.025080791051990653,0,0.05976315157398864,1
FMCG Beverages Peer 2 (matched to Manpasand Beverages),MANPASAND_PEER2,FMCG Beverages,2014,0,0,3270066239.5669527,2355566532.0970116,427209914.7602662,145750852.38011822,201900972.73533818,473493159.4417905,838262676.9061786,1962039743.7401714,3295379737.233262,442234260.26901776,852762975.107226,1294997235.3762438,194913924.9667486,0.031320522884141784,0,0.0,6
FMCG Beverages Peer 2 (matched to Manpasand Beverages),MANPASAND_PEER2,FMCG Beverages,2015,0,0,3667473343.0317693,2525965426.80088,519156036.6669996,87654891.41086656,341383444.266925,585546014.7857497,973056279.1044521,2204274603.203965,3846774797.0479164,310618832.14478564,956658092.5079204,1267276924.6527061,324540456.6093024,0.017962181388754522,0,0.0,3
FMCG Beverages Peer 2 (matched to Manpasand Beverages),MANPASAND_PEER2,FMCG Beverages,2016,0,0,4033872395.7312016,3115856767.629603,536375461.5576095,90921349.16581632,198465856.8739405,739774936.2794604,1128748732.7597842,2472096461.086644,4121924061.787566,443193274.87011933,1086721117.9757447,1529914392.845864,197057495.03243414,0.01614370018476839,0,0.03817767900177433,0
FMCG Beverages Peer 2 (matched to Manpasand Beverages),MANPASAND_PEER2,FMCG Beverages,2017,0,0,4470728090.298454,3077406787.5458217,379134220.4729631,150927230.598942,592568391.9857421,616948355.9843267,1054841679.1296895,2769795759.434166,4736436312.277272,643014953.4626424,782409060.3480498,1425424013.8106923,573557253.8975298,0.02001999356415087,0,0.06409779336970786,0
FMCG Beverages Peer 2 (matched to Manpasand Beverages),MANPASAND_PEER2,FMCG Beverages,2018,0,0,4976563917.962869,3496930003.3705597,438131474.3592052,152659170.0140725,624413316.1004628,635502147.118898,1231548378.923649,3101717828.1153345,5134173259.271484,524926459.3732448,954802086.3195161,1479728545.692761,518229613.6425189,0.009745898722220956,0,0.02310943268214303,5
FMCG Beverages Peer 3 (matched to Manpasand Beverages),MANPASAND_PEER3,FMCG Beverages,2014,0,0,504276839.8195277,339785921.17531884,55119361.347613186,11163357.312395014,59995639.647249855,82483808.26615702,120314051.95293778,302566103.8917166,504727494.38527,55815698.81307988,160871959.58433855,216687658.39741844,48655433.77211823,0.02203633178709801,0,0.0,0
FMCG Beverages Peer 3 (matched to Manpasand Beverages),MANPASAND_PEER3,FMCG Beverages,2015,0,0,572661089.0370997,398433199.4375423,42086336.605427824,17857938.180874288,88586415.2452041,94601411.2503087,163606175.61327747,340276141.4603231,586964786.7328584,62065464.7994192,50604100.70303466,112669565.50245386,88699740.08587551,0.018868315902711028,0,0.0,2
FMCG Beverages Peer 3 (matched to Manpasand Beverages),MANPASAND_PEER3,FMCG Beverages,2016,0,0,623322899.1120995,447240669.34324604,68211145.73318155,20589262.779021516,53510815.73461166,102814443.91562589,189119061.75727898,381650570.65973777,685349248.4344752,76015523.96479541,104840265.87071137,180855789.8355068,48569531.51770101,0.020732753145856965,0,0.05187616161697992,1
FMCG Beverages Peer 3 (matched to Manpasand Beverages),MANPASAND_PEER3,FMCG Beverages,2017,0,0,698070473.7127491,489295029.63029945,80775478.15784846,15909100.316022798,73326981.80458647,92587400.36826165,159747985.62483484,428003611.4651674,675294787.7453662,85323065.78549103,121936859.47310708,207259925.25859812,78327258.18554185,0.02506583154190254,0,0.0,4
FMCG Beverages Peer 3 (matched to Manpasand Beverages),MANPASAND_PEER3,FMCG Beverages,2018,0,0,770910064.8146565,557552652.751853,83612961.57662927,24336933.150093958,69085418.05502574,111404058.33592714,178952022.27789247,479389223.0498553,758797667.2073175,83788075.69463749,193462732.84964663,277250808.5442841,69106399.53751594,0.03709943954012071,0,0.16338221019496274,0
Ricoh India,RICOH,Office Equipment/IT Services,2011,1,0,799795231.2048392,585095494.5822638,93667468.58702363,19128228.99242246,73585553.47548959,172908834.273258,245668054.76731515,479877138.72290355,847242459.1679808,75255273.70219745,241722160.6697104,316977434.37190783,76496601.97876069,0.022969158707361124,0,0.0,2
Ricoh India,RICOH,Office Equipment/IT Services,2012,1,0,850143930.46965,623702085.2451091,126881520.68500248,28943977.863354456,48356093.55121972,119302126.3674671,216010438.4472835,536780649.4080732,911246448.6923261,120876351.31836204,109713480.0102385,230589831.32860053,47104840.1983652,0.030155152164829294,0,0.0,1
Ricoh India,RICOH,Office Equipment/IT Services,2013,1,0,917216684.430415,634516494.6023018,104548676.22550555,19022331.752714567,105616439.96862286,144038379.9097678,225423540.50081608,598744903.1118362,949560802.126459,109337616.83874273,210919037.90527102,320256654.7440138,97763420.29626425,0.01590351071631998,0,0.05461770191272291,0
Ricoh India,RICOH,Office Equipment/IT Services,2014,1,1,1005124761.6757739,682982861.3814325,118706602.29628184,29595349.559851296,120954949.8737998,125614163.61334576,225647499.01202554,666456931.8091307,1082772441.9712026,122785735.34550679,191462511.8249782,314248247.170485,87815027.97885247,0.010448612010194303,0,0.07419911469757635,1
Ricoh India,RICOH,Office Equipment/IT Services,2015,1,1,1163246349.2705226,747869320.8192562,89805296.65755019,24715104.607206833,210267013.81650776,196431049.9997314,310995589.17642474,739569061.6080002,1330107993.0269384,137579433.6716688,226278189.75150663,363857623.42317545,60519018.001046486,0.12422663988261702,1,0.13194324115105582,0
Office Equipment/IT Services Peer 1 (matched to Ricoh India),RICOH_PEER1,Office Equipment/IT Services,2011,0,0,3298922947.941251,2522622680.299623,378293199.32889545,89374520.5573124,185935378.83113086,498139319.29805654,757056213.2941749,1979353768.7647505,3176363675.1922455,466553776.3071207,731030085.367225,1197583861.6743457,174704494.289363,0.026191050184648526,0,0.0,2
Office Equipment/IT Services Peer 1 (matched to Ricoh India),RICOH_PEER1,Office Equipment/IT Services,2012,0,0,3733438370.3830996,2596906294.024596,412930491.4732525,120131935.41232596,386810966.47602737,638556753.5146441,794079857.9302218,2225406300.346848,3712819903.4136505,220449637.2796309,628200026.5045618,848649663.7841927,399199687.280669,0.016827132747475593,0,0.0,0
Office Equipment/IT Services Peer 1 (matched to Ricoh India),RICOH_PEER1,Office Equipment/IT Services,2013,0,0,4297114788.460514,2875598395.856277,350515263.928973,153170465.43373644,621596131.1987396,637424118.14236,979713001.8018141,2507024228.780279,4242972522.4735613,578600302.0714943,483876831.8576844,1062477133.9291787,570446620.6824889,0.011368143376557229,0,0.11467549842296852,0
Office Equipment/IT Services Peer 1 (matched to Ricoh India),RICOH_PEER1,Office Equipment/IT Services,2014,0,0,4635180864.559142,3021549843.7392545,553135160.9571092,112126545.30514492,612775831.2163678,623467201.7967182,1095776081.1660018,2813993998.871645,4434298889.8056755,354093869.1776047,802679830.3027656,1156773699.4803703,493757303.3096657,0.012478391319324798,0,0.00454485556983221,0
Office Equipment/IT Services Peer 1 (matched to Ricoh India),RICOH_PEER1,Office Equipment/IT Services,2015,0,0,4934257087.907094,3157781970.5351124,597677834.0517793,154081330.83872348,605791664.0762622,810728304.6218139,1203048232.4063883,3145126673.233149,5222731934.482412,473422567.4771748,969765708.7596134,1443188276.2367883,547100065.0152158,0.02164320659381916,0,0.017975496407228703,1
Office Equipment/IT Services Peer 2 (matched to Ricoh India),RICOH_PEER2,Office Equipment/IT Services,2011,0,0,864953495.2132567,616637239.8514274,117573890.29138133,24928676.58900744,70330669.60377374,140882357.19598934,240695514.92655998,518972097.127954,840285485.9480072,107553042.97810823,234233059.1498796,341786102.12798786,69563606.88679096,0.021706250785397927,0,0.021977526559846222,2
Office Equipment/IT Services Peer 2 (matched to Ricoh India),RICOH_PEER2,Office Equipment/IT Services,2012,0,0,934689929.3828177,661350967.8218545,97469903.12266003,26685978.788694497,102924249.78606974,134477918.74048248,202518794.82623485,581275756.5109335,934954243.1558849,122356954.75031413,197820444.39669245,320177399.1470066,105725193.20714617,0.020878676370807276,0,0.06960054686828784,2
Office Equipment/IT Services Peer 2 (matched to Ricoh India),RICOH_PEER2,Office Equipment/IT Services,2013,0,0,1055642315.7625118,741848626.5762657,115469918.21341999,43356035.44680634,101876169.1618603,178065953.2238129,288947548.36400473,651496144.9943871,1054301318.6482795,150380011.34157902,205894790.479561,356274801.82114005,87728168.36909787,0.03188784114353874,0,0.0812837785798077,0
Office Equipment/IT Services Peer 2 (matched to Ricoh India),RICOH_PEER2,Office Equipment/IT Services,2014,0,0,1181829084.738958,764270568.2318035,157391207.98636797,35394622.21218353,170717314.32775322,188428865.65929618,291004536.4977661,730132483.5811666,1219040815.9540138,153084755.14180237,244702947.67627642,397787702.81807876,151392300.71633744,0.02129929854166074,0,0.046510060711893106,0
Office Equipment/IT Services Peer 2 (matched to Ricoh India),RICOH_PEER2,Office Equipment/IT Services,2015,0,0,1307641222.5476968,973086930.8567785,171697303.80959898,22217554.590297114,97079255.64308722,243436939.45591795,361295474.26455975,817418519.2159865,1400731239.1879585,146536528.69367784,288112777.4369911,434649306.13066894,97947816.21712111,0.0153744428367542,0,0.0998277442249202,0
Office Equipment/IT Services Peer 3 (matched to Ricoh India),RICOH_PEER3,Office Equipment/IT Services,2011,0,0,1274859084.3004754,945147987.5609711,127630347.197979,42455628.55712924,112519132.70057203,175345213.58140647,322384076.7185234,764915450.5802852,1231688609.6026604,182533038.1828457,422311439.84165007,604844478.0244958,110191797.28069231,0.025831081356577433,0,0.025357011555222034,0
Office Equipment/IT Services Peer 3 (matched to Ricoh India),RICOH_PEER3,Office Equipment/IT Services,2012,0,0,1462143008.8588302,1049937963.2899358,143497778.3393072,33285652.13980516,180360736.22657973,245046032.24831805,382223635.3171468,860970064.5406353,1454932283.8477507,203663381.79758474,288634040.8717359,492297422.6693206,179000007.36510062,0.01803995702154984,0,0.03289235546339764,0
Office Equipment/IT Services Peer 3 (matched to Ricoh India),RICOH_PEER3,Office Equipment/IT Services,2013,0,0,1661581508.0015397,1261692793.6859758,190697652.59999153,50316814.53344226,97817841.01582678,267639326.57370046,362149816.69442374,969878241.8769314,1535648658.4203658,212923824.05433592,336849042.61039644,549772866.6647323,83898949.80052832,0.02158448050499735,0,0.10112036126802361,4
Office Equipment/IT Services Peer 3 (matched to Ricoh India),RICOH_PEER3,Office Equipment/IT Services,2014,0,0,1971728648.6132228,1385846385.511087,218152991.75650862,52947376.71035139,221414748.2325959,340296861.98578846,542670114.3537676,1097561021.5639005,1984421843.330205,240337653.9771385,474742040.09136367,715079694.0685022,225769051.17744136,0.011954733697751865,0,0.0,6
Office Equipment/IT Services Peer 3 (matched to Ricoh India),RICOH_PEER3,Office Equipment/IT Services,2015,0,0,2128406993.0239115,1473496667.9986794,182426363.77457318,56255717.742531754,299098999.63163507,318747616.7690942,591221251.0292947,1236908201.862013,2080518903.262874,221432935.39985126,438093458.51417613,659526393.9140275,293486824.01633763,0.024963430343407315,0,0.09556190222844735,2
Kingfisher Airlines,KFAIRLINES,Aviation,2007,1,0,1753119544.776486,1186553042.269804,229839080.2774934,52981174.80327333,181468125.1535315,279516756.6381963,461602119.1810712,1051871726.8658915,1892490857.023189,192009619.47152779,418457076.79043955,610466696.2619673,187906063.54709408,0.02098001914099383,0,0.16689225595860827,0
Kingfisher Airlines,KFAIRLINES,Aviation,2008,1,0,1927785701.954207,1330706754.2995634,200535758.36163342,54445249.267163806,236884588.11503926,320748641.48463506,562073283.7533703,1179817163.7695787,2025566119.7778141,218527289.38524914,678968255.0400081,897495544.4252572,232511464.5658886,0.012805184540214523,0,0.015286811887596556,0
Kingfisher Airlines,KFAIRLINES,Aviation,2009,1,1,2191243687.4029975,1438238860.7804132,237007081.46825224,63200386.12701059,291931215.7072197,344873936.08769,489017031.84264904,1322445522.9261577,2157741706.1215296,283138495.9172552,504018634.8293603,787157130.7466155,219218439.3029263,0.017355488976248022,0,0.012806953645218291,0
Kingfisher Airlines,KFAIRLINES,Aviation,2010,1,1,2503067010.814366,1809730509.1708498,265558034.46461397,71665408.28200918,246280043.95612317,435997115.1365556,691766459.135195,1481609707.864807,2637836601.416221,239022509.5558914,492867057.49636054,731889567.0522519,71291960.26200682,0.009136691582873077,1,0.33773500984507826,14
Kingfisher Airlines,KFAIRLINES,Aviation,2011,1,0,2673257989.3438725,1849042598.9005864,346725932.9070493,65794742.523303285,253461756.6098126,378347284.30093515,589858446.645688,1659720898.5679448,2647432398.509707,315968806.9284785,410020231.4507524,725989038.3792309,234604744.96060428,0.03229375717650104,0,0.009700319558410123,0
Aviation Peer 1 (matched to Kingfisher Airlines),KFAIRLINES_PEER1,Aviation,2007,0,0,1438225396.0692823,1009118096.5591264,206117031.59151515,35692569.27525251,126570916.11266847,161620080.10321125,335178970.1268369,862935237.6415694,1362829103.9024801,182136734.52972022,289375169.5670886,471511904.0968088,131224537.76070802,0.025509243808935406,0,0.0,0
Aviation Peer 1 (matched to Kingfisher Airlines),KFAIRLINES_PEER1,Aviation,2008,0,0,1624751546.483134,1130589612.6087346,188634308.1478515,52622540.253440276,181957198.93327624,252997376.5515424,355475752.9169149,970060872.0949731,1547048041.0802302,208500081.42987782,225060893.91806927,433560975.3479471,182048537.51863495,0.029083932972673046,0,0.05634334881479213,0
Aviation Peer 1 (matched to Kingfisher Airlines),KFAIRLINES_PEER1,Aviation,2009,0,0,1763146673.055459,1301806388.4764078,278090163.5598837,48076268.73427848,78508005.40595944,282574425.02481174,497852535.2709594,1087320031.9105952,1864294131.1434796,227747741.0748885,406696626.73194504,634444367.8068335,78963278.42869245,0.04277430448556098,0,0.0985503167979594,0
Aviation Peer 1 (matched to Kingfisher Airlines),KFAIRLINES_PEER1,Aviation,2010,0,0,1845509106.6634693,1267126837.843129,263593355.8519303,66463249.65517386,163564602.78345653,329524598.00634646,609027595.8122575,1212215088.2010865,2056544998.985063,202732845.11015072,379831619.8867934,582564464.9969441,148971733.34454414,0.01109979250236397,0,0.0,0
Aviation Peer 1 (matched to Kingfisher Airlines),KFAIRLINES_PEER1,Aviation,2011,0,0,1993546740.9827833,1373392742.0028343,219560392.86413756,79097766.48440279,218832184.3563499,329390554.79372936,561694860.8792489,1348258877.8962584,2225686182.6166615,293800331.75870734,451362408.4560443,745162740.2147517,216575949.39897144,0.02366332933650044,0,0.03558572709363406,3
Aviation Peer 2 (matched to Kingfisher Airlines),KFAIRLINES_PEER2,Aviation,2007,0,0,1656349934.946487,1158862759.8307226,119807477.73166606,53969701.44866987,184199497.07420853,270630150.3019597,469381343.75226164,993809960.9678922,1666817443.2109063,147332079.14548883,355094986.43619204,502427065.5816809,174494343.2813073,0.015084591738428344,0,0.05423306403663819,10
Aviation Peer 2 (matched to Kingfisher Airlines),KFAIRLINES_PEER2,Aviation,2008,0,0,1820633549.4926198,1228862528.3613698,256691073.3787242,62301505.57686136,205667609.62234524,216482020.45975983,391678450.5946255,1114655937.27156,1823765618.2983036,183163003.2259603,348670615.82261366,531833619.048574,184002258.78504,0.035020292518431306,0,0.08747285077032818,3
Aviation Peer 2 (matched to Kingfisher Airlines),KFAIRLINES_PEER2,Aviation,2009,0,0,2051450914.207326,1397760102.4828935,244645809.4408471,63569912.508212015,214450473.57926437,334389827.71420354,552827921.2834113,1250668161.100073,2185636126.647026,310644475.6334568,608699495.7091451,919343971.3426019,186605819.32228902,0.016477349650502307,0,0.07401671479406899,9
Aviation Peer 2 (matched to Kingfisher Airlines),KFAIRLINES_PEER2,Aviation,2010,0,0,2380321385.9154058,1560531616.504486,338929066.3906038,66794341.75849023,263279962.78103203,328452870.8283502,555133906.5115299,1407204275.2288456,2311190137.428463,361471420.54229283,421249382.0670485,782720802.6093414,198739520.31741688,0.025044446476624682,0,0.015048907344803679,2
Aviation Peer 2 (matched to Kingfisher Airlines),KFAIRLINES_PEER2,Aviation,2011,0,0,2750723509.1657753,1932661476.1848912,315029140.7829221,93391747.36778797,247159752.30259994,477747744.8419776,719036547.1953444,1586956578.9439998,2585840179.4074345,366867039.09738696,662375196.9151107,1029242236.0124977,233912084.337402,0.0003915440153046748,0,0.0852984873349408,0
Aviation Peer 3 (matched to Kingfisher Airlines),KFAIRLINES_PEER3,Aviation,2007,0,0,2295919707.0582414,1651515307.4661217,302542674.00826806,63756893.82815295,202741076.4666133,335316446.3808194,525145848.1982781,1377551824.2349448,2133610051.8833032,288860365.4981911,388894432.6222535,677754798.1204445,154128704.64737198,0.014642851272305999,0,0.004948298537252399,6
Aviation Peer 3 (matched to Kingfisher Airlines),KFAIRLINES_PEER3,Aviation,2008,0,0,2466969047.4535756,1852899397.1237056,224920929.5051017,87700375.18938154,225434575.4938908,363528324.388496,640629902.1186996,1542226831.334672,2380675595.4894204,204206141.4746034,442718361.2856822,646924502.7602856,242114760.46618068,0.015642699118332604,0,0.05504683958675773,5
Aviation Peer 3 (matched to Kingfisher Airlines),KFAIRLINES_PEER3,Aviation,2009,0,0,2623884137.9531584,1670872253.602885,284594425.38045186,78495636.07689857,454890346.44649446,427810737.94823265,695576664.1159582,1719687843.17237,2789748999.8801355,264591867.6932776,420819419.0027818,685411286.6960595,442204887.19762397,0.029955393281626823,0,0.04351318984057484,2
Aviation Peer 3 (matched to Kingfisher Airlines),KFAIRLINES_PEER3,Aviation,2010,0,0,2866130565.7592854,1957179612.5385263,288239942.6191547,96584193.51090574,377878220.1000332,437021616.1920262,697376227.7003727,1914585006.7555056,3107999516.9760685,390888857.792313,538447372.6834677,929336230.4757807,346796597.5135042,0.025411308382180406,0,0.00862078796326693,0
Aviation Peer 3 (matched to Kingfisher Airlines),KFAIRLINES_PEER3,Aviation,2011,0,0,3160390738.8286004,2203779072.6123037,442197996.57850003,85257882.82844597,252292437.3599537,484599378.3848848,790865844.0744324,2130042093.899601,3282246773.9881134,334827283.32573605,529412309.8590194,864239593.1847554,230786871.34079123,0.033225043315231226,0,0.08309737947152585,2
PC Jeweller,PCJEWELLER,Jewellery Retail,2014,1,0,3675159759.5121026,2568589653.507571,291688641.4336985,114145202.68595213,503203938.6221453,675841609.8779242,1059340151.1174173,2205095855.7072616,3811760120.7312512,433646972.1142335,740563590.1004485,1174210562.214682,482355395.5267987,0.028479587434637,0,0.11888681181373723,1
PC Jeweller,PCJEWELLER,Jewellery Retail,2015,1,0,4015739364.013336,2712794649.455364,425526460.6718613,135851568.23336703,476011969.8028724,820065450.063034,1211834244.9715974,2472035699.5791464,4022090353.0523486,437870362.6339705,1052153725.2999734,1490024087.9339437,473273064.9802592,0.022489135986750296,0,0.10043341779774195,3
PC Jeweller,PCJEWELLER,Jewellery Retail,2016,1,0,4510116470.086901,2992319056.3419394,624148133.7510965,169618725.47474527,505329743.45249796,693915057.7992285,1090673538.5614367,2771702594.0708656,4769825228.515286,560716141.8422832,1145922027.1526592,1706638168.9949424,485065617.05885834,0.014134843490800356,0,0.050549144629120066,6
PC Jeweller,PCJEWELLER,Jewellery Retail,2017,1,1,5302359038.381255,3555138334.4342213,432582563.1036659,137763789.11683938,810340662.7110342,952645481.5182228,1364859712.9930632,3110434477.100898,5387082513.826255,806924715.8726637,1223517014.8232765,2030441730.6959403,471267634.2556178,0.02680887943595956,0,0.10411759648958678,0
PC Jeweller,PCJEWELLER,Jewellery Retail,2018,1,1,5924395889.260727,4005508028.169483,389168451.68563426,189761643.74292397,984514421.7123754,1299815108.6359167,1698421281.0848,3478163420.673501,6604721271.0082445,843267310.740779,1731220110.7436824,2574487421.4844613,212916532.3891476,0.06724908802740355,1,0.14865726557269018,19
Jewellery Retail Peer 1 (matched to PC Jeweller),PCJEWELLER_PEER1,Jewellery Retail,2014,0,0,1759375939.4186003,1236199236.9797559,218328233.09068477,63152399.778765716,153507301.13110137,274585858.44733226,479629610.8170943,1055625563.6511601,1728916162.8840134,152431113.90697986,416990453.80039346,569421567.7073734,138427010.20232657,0.01607773987079717,0,0.0,0
Jewellery Retail Peer 1 (matched to PC Jeweller),PCJEWELLER_PEER1,Jewellery Retail,2015,0,0,1818224972.0024495,1273170251.832874,252019721.7228556,47535399.423026375,187283985.98353773,266075704.0841458,503803439.11953354,1178205579.1608174,1966277227.9690638,198112893.69125926,378003708.4366158,576116602.1278751,198192507.71884745,0.03466202819625682,0,0.009160341036487205,1
Jewellery Retail Peer 1 (matched to PC Jeweller),PCJEWELLER_PEER1,Jewellery Retail,2016,0,0,2093743506.005,1459957496.0299702,209950544.18548438,62229354.093312636,245988394.89699045,385559727.2010897,581148477.00299,1318238921.835892,2200010034.573194,279066374.590962,375630983.9268514,654697358.5178134,245272866.83996528,0.01912093512630785,0,0.0015300711130689648,0
Jewellery Retail Peer 1 (matched to PC Jeweller),PCJEWELLER_PEER1,Jewellery Retail,2017,0,0,2278513623.053922,1496045247.56978,266293465.34314564,87043254.43951553,280788646.9275617,473597109.8678492,653263070.122203,1471711770.6436648,2337025998.462429,332051897.59496456,370791480.939032,702843378.5339966,266284085.6243693,0.014140817895484152,0,0.06340813904776581,0
Jewellery Retail Peer 1 (matched to PC Jeweller),PCJEWELLER_PEER1,Jewellery Retail,2018,0,0,2657778320.740553,1874792050.456639,342843586.9540421,66334042.12946766,241105003.02387315,349295037.6099664,592611401.2985551,1648752039.8000023,2649502235.2596283,297695148.1882952,493949815.8209495,791644964.0092447,228665881.4787505,0.013442565375676861,0,0.08455312829334385,6
Jewellery Retail Peer 2 (matched to PC Jeweller),PCJEWELLER_PEER2,Jewellery Retail,2014,0,0,1306567199.957377,894659103.7245811,110446358.62815987,42162895.003583975,192307220.0549567,235068027.60936996,347691101.0001083,783940319.9744262,1269387798.7656195,160477000.1880231,142395053.84656304,302872054.03458613,179003083.29706264,0.03286842262645503,0,0.0,0
Jewellery Retail Peer 2 (matched to PC Jeweller),PCJEWELLER_PEER2,Jewellery Retail,2015,0,0,1475647355.7417326,1078640618.6275995,175208927.01803958,41571075.633806005,135162268.49137887,250720541.1834081,402583256.5231292,881240897.3607455,1522579311.663332,151638043.02272367,369774399.83611184,521412442.8588355,116379641.14025044,0.02835376993902231,0,0.10930712510594155,2
Jewellery Retail Peer 2 (matched to PC Jeweller),PCJEWELLER_PEER2,Jewellery Retail,2016,0,0,1623824948.0010233,1145261638.439897,207859658.08102778,25481723.84736721,170456927.93924928,258167767.81912056,443495965.03956985,988869371.6816192,1672296729.7161844,157829066.96588326,322635984.7435162,480465051.70939946,162855305.5648361,0.02114933911581013,0,0.0580959683642534,5
Jewellery Retail Peer 2 (matched to PC Jeweller),PCJEWELLER_PEER2,Jewellery Retail,2017,0,0,1826185191.0432231,1337828640.2616222,225559454.34734252,66563808.296814084,116419210.04921216,270809439.5377509,439888242.35625875,1109844712.384229,1774090351.503522,212949602.80232814,518145761.3110274,731095364.1133555,98821930.84191224,0.008303899975211726,0,0.0,7
Jewellery Retail Peer 2 (matched to PC Jeweller),PCJEWELLER_PEER2,Jewellery Retail,2018,0,0,2141441697.750857,1528711394.143474,255874912.67170963,59930570.00638756,187887748.5293464,447914378.8512109,721679322.9543108,1250212138.6432989,2238312218.0019684,284707847.46370095,354602064.5200925,639309911.9837935,151792743.80502248,0.030195109176646296,0,0.10800464233217755,5
Jewellery Retail Peer 3 (matched to PC Jeweller),PCJEWELLER_PEER3,Jewellery Retail,2014,0,0,913285903.3167043,683660396.4148301,111674320.58895156,32325798.56478705,53098065.588173404,152181591.6612192,257212178.67704162,547971541.9900225,966067494.1224971,96909402.08212751,115108903.03374115,212018305.11586866,48176853.927382275,0.028891273175270075,0,0.02289980482370145,0
Jewellery Retail Peer 3 (matched to PC Jeweller),PCJEWELLER_PEER3,Jewellery Retail,2015,0,0,1007654795.6063693,760417129.1200484,156239849.7397849,34389815.42109013,40672554.53772602,172847226.22052908,268688722.9286327,614793428.0300417,1029679839.7536223,112301829.8245314,341582939.8406432,453884769.6651746,40447755.80373609,0.015361995586485655,0,0.073274838708314,0
Jewellery Retail Peer 3 (matched to PC Jeweller),PCJEWELLER_PEER3,Jewellery Retail,2016,0,0,1148717017.352033,752254338.0355058,122658415.68226027,37339537.33856414,173399319.30380547,230698040.03697377,344273044.80273235,690673081.7385446,1187379778.1007152,127519456.78635961,325317740.09742314,452837196.88378274,163223739.0804445,0.01214203730617227,0,0.024185120156924575,5
Jewellery Retail Peer 3 (matched to PC Jeweller),PCJEWELLER_PEER3,Jewellery Retail,2017,0,0,1293064615.673863,878937140.027918,169658590.55089843,37126980.71973508,146936598.29836133,274414514.42508036,426330926.61014104,776046504.9743941,1358246937.608192,133042734.20028254,279031605.83014995,412074340.03043246,159880329.93117207,0.0008443483553100574,0,0.06391664697852521,0
Jewellery Retail Peer 3 (matched to PC Jeweller),PCJEWELLER_PEER3,Jewellery Retail,2018,0,0,1414941775.976486,1017385485.859619,159480113.25573593,39473279.16791695,129749299.41172604,209494650.62008396,373058230.109194,870074988.9224502,1487332593.866184,193653864.23080277,182887287.03385854,376541151.2646613,126364588.11147901,0.026759788558069236,0,0.0,2
Vakrangee,VAKRANGEE,Retail/E-Governance,2013,1,0,842223258.0875199,612681012.3239214,117585708.11185971,29353577.599677652,52057664.83379947,132944372.8850009,226504091.14489615,505333954.8525119,863999862.0523828,121218489.7534479,176057232.1543271,297275721.907775,48755651.028871015,0.030960642330571803,0,0.07901979824293018,4
Vakrangee,VAKRANGEE,Retail/E-Governance,2014,1,0,996927901.6590444,717725881.060691,98790315.57224777,27077946.824779876,99507311.76499355,178968178.89169398,275567894.7770525,570340368.5810394,1038243141.453366,146916654.62330323,220283991.07017526,367200645.69347847,87989206.91690257,0.0357537664943554,0,0.046949132448579595,2
Vakrangee,VAKRANGEE,Retail/E-Governance,2015,1,0,1183333322.678743,840389304.1756027,120941627.85535583,26810549.795902234,138906988.43387946,261742236.72956267,354371827.77370834,646617245.7724078,1133851994.4879959,154073281.54892752,313471155.8138214,467544437.36274886,132679395.39058231,0.025722424201872745,0,0.0,0
Vakrangee,VAKRANGEE,Retail/E-Governance,2016,1,1,1262302626.7380862,910144363.0496833,103209395.21192707,34974967.67552404,157468209.27410275,207175822.44205248,301889510.04762375,727751785.7921683,1226538518.7031095,155712576.61086768,311654940.2395985,467367516.8504662,86236785.4575563,0.02514109572717146,0,0.049904079999547296,2
Vakrangee,VAKRANGEE,Retail/E-Governance,2017,1,1,1518097852.1766844,1044787440.7235075,155478224.76246402,50208822.734143816,173431594.35678488,300485982.41512346,492040726.3308565,824269929.8678286,1661078503.2267888,233943778.09965342,253215227.2131479,487159005.31280136,96336144.52944978,0.07341428105778558,0,0.2766054615347828,22
Retail/E-Governance Peer 1 (matched to Vakrangee),VAKRANGEE_PEER1,Retail/E-Governance,2013,0,0,3808146432.7048855,2908833940.378554,379434752.91700816,124359272.19582061,271203049.1878298,757892998.5128251,1042050059.9910895,2284887859.622931,3895025777.6235967,480164272.9284278,635615017.1103153,1115779290.038743,258257480.69964308,0.00400050665915655,0,0.1204953108637514,0
Retail/E-Governance Peer 1 (matched to Vakrangee),VAKRANGEE_PEER1,Retail/E-Governance,2014,0,0,4048870640.6735563,2587463153.8725567,483234790.1471246,142278398.7101293,566180344.3890598,600526118.0962741,1015059529.7678857,2555878027.4452972,4216894220.641783,422357251.8519249,817013890.4002031,1239371142.2521281,510237248.2819594,0.04299664069614839,0,0.045513461504419074,6
Retail/E-Governance Peer 1 (matched to Vakrangee),VAKRANGEE_PEER1,Retail/E-Governance,2015,0,0,4616499937.315704,3258642670.4583306,577920020.0957373,107994612.34986307,441900634.6423562,885075721.6946864,1367221385.0108104,2863379365.1344414,5114714089.563906,613138510.4196471,1439127445.9295413,2052265956.3491883,417718339.4464147,0.043902227106518046,0,0.02573018985429385,0
Retail/E-Governance Peer 1 (matched to Vakrangee),VAKRANGEE_PEER1,Retail/E-Governance,2016,0,0,5069919864.923212,3732990034.8536096,844752549.5499527,172870263.58108926,211794416.78457165,880918063.7933358,1587272224.767624,3202776739.3346353,5315115291.052087,581483294.1007731,940105334.1987631,1521588628.2995362,167763498.2359213,0.03060327204779694,0,0.03648017220983208,4
Retail/E-Governance Peer 1 (matched to Vakrangee),VAKRANGEE_PEER1,Retail/E-Governance,2017,0,0,5117355009.461318,3219874784.743087,577929133.6166657,142744703.65608868,807210581.1075299,760775366.7338533,1207933777.8827486,3554727791.98774,5692565205.530239,652835237.9477905,556525592.8687716,1209360830.8165622,687718113.9294446,0.0350123586382721,0,0.07009641415394063,0
Retail/E-Governance Peer 2 (matched to Vakrangee),VAKRANGEE_PEER2,Retail/E-Governance,2013,0,0,1744021724.5576696,1206533984.2006252,205800333.401997,57307325.92626116,169710838.13392377,317118386.8565392,508501001.7552252,1046413034.7346017,1823795712.0620341,205938145.22884223,288629244.7806713,494567390.0095135,160247780.90983403,0.03259705852880406,0,0.04404857466999374,0
Retail/E-Governance Peer 2 (matched to Vakrangee),VAKRANGEE_PEER2,Retail/E-Governance,2014,0,0,1936787516.0560925,1384352601.7293375,240194588.8939346,54486539.24762239,181527012.53881624,344321433.0848061,593142828.9753417,1174644801.5794444,2116168760.3167982,196226050.7976572,327632183.57761794,523858234.37527514,171350296.33128285,0.015488246427605854,0,0.0,0
Retail/E-Governance Peer 2 (matched to Vakrangee),VAKRANGEE_PEER2,Retail/E-Governance,2015,0,0,2206832510.315727,1576197874.2752826,235166792.55614388,62720502.78715799,245874511.00334263,462190574.2171701,690399485.4124054,1320225771.1426141,2322446335.70074,265002312.83396885,494273709.91378963,759276022.7477585,242142213.7637119,0.04076711325859024,0,0.007733976751121571,4
Retail/E-Governance Peer 2 (matched to Vakrangee),VAKRANGEE_PEER2,Retail/E-Governance,2016,0,0,2329685693.7566094,1616260177.7756963,206359004.56359166,78868000.44690734,318314713.520244,372333448.9167008,524911355.47513497,1476316828.964723,2262702336.4932995,328393873.52296704,399772381.4025568,728166254.9255238,274163113.7388081,0.0222946036445843,0,0.02387937842844884,0
Retail/E-Governance Peer 2 (matched to Vakrangee),VAKRANGEE_PEER2,Retail/E-Governance,2017,0,0,2507585232.968336,1699691972.3478885,242647319.64599088,63876154.80022908,344794007.2343451,463309487.03620523,680714031.3532124,1645985595.4820817,2773353990.979715,261584155.2431539,807907047.2263646,1069491202.4695185,296280910.46137494,0.03328478810791731,0,0.01717569465906381,8
Retail/E-Governance Peer 3 (matched to Vakrangee),VAKRANGEE_PEER3,Retail/E-Governance,2013,0,0,3942964653.7101398,2768440129.9561706,476677478.9119049,133239735.62505141,387653688.0292496,566763787.7228081,979601645.5984092,2365778792.2260838,4080603262.0447116,600590990.0349723,975168167.2719326,1575759157.3069048,377180549.4719852,0.02748813885982477,0,0.016662457489657216,1
Retail/E-Governance Peer 3 (matched to Vakrangee),VAKRANGEE_PEER3,Retail/E-Governance,2014,0,0,4216446075.09658,3055759334.9283566,400668411.41710186,133525339.35772651,431826372.0882351,720684393.7340581,1162790930.9530795,2647574459.7476954,4513240626.625146,502374109.5403634,995822036.2901131,1498196145.8304765,385149589.24188495,0.0236970592563913,0,0.08342088426430047,0
Retail/E-Governance Peer 3 (matched to Vakrangee),VAKRANGEE_PEER3,Retail/E-Governance,2015,0,0,4592175527.863948,3207382206.6081805,493787219.66698396,125676210.00092946,477377223.2105243,832624352.0533681,1341201716.7043304,2956610469.933324,5258338615.417308,533680074.212975,1848769392.090816,2382449466.303791,444818973.20961344,0.022551933517560165,0,0.03011110430298959,3
Retail/E-Governance Peer 3 (matched to Vakrangee),VAKRANGEE_PEER3,Retail/E-Governance,2016,0,0,5240807684.467212,3537186465.067396,616956643.9740776,203781465.67361352,610917557.8370538,743251587.4633445,1311197819.2269871,3307349168.254684,5383595813.4893875,565143573.1858832,867707944.0484185,1432851517.2343016,710949852.6715552,0.017365227498209648,0,0.0,0
Retail/E-Governance Peer 3 (matched to Vakrangee),VAKRANGEE_PEER3,Retail/E-Governance,2017,0,0,6037964807.872651,4235916309.510118,790570903.0359683,197888153.60471752,580765143.1428932,1007185717.600402,1505189874.1095982,3708467883.695957,6007111003.239938,613733887.1066887,844483012.4187391,1458216899.5254278,601171348.0762002,0.02688611700978888,0,0.0988332684989065,2
Sintex Industries,SINTEX,Textiles/Plastics,2014,1,0,2048521990.3561656,1410610810.7008526,205382555.04747555,46111822.59910111,249005940.67826983,356036867.2438426,504843869.54436636,1229113194.2136993,1980941253.4419956,216191354.70553717,360798233.99109346,576989588.6966306,209422943.77330962,0.005779482338598674,0,0.008908235179622304,2
Sintex Industries,SINTEX,Textiles/Plastics,2015,1,0,2129537806.223681,1566100072.7661388,250612377.69527617,75157275.39600313,146144720.08652043,384371213.12988025,579510626.7436872,1372463480.3512945,2234755239.1795044,305098703.2258146,412736712.82443476,717835416.0502493,151750773.38584417,0.02428965391127199,0,0.03285776735450817,3
Sintex Industries,SINTEX,Textiles/Plastics,2016,1,0,2437306064.8985796,1682683239.1212833,342240805.61143154,66436752.421464965,235955534.25646493,424293461.10788697,618050558.2332124,1535502688.0067625,2593509685.8007455,315208446.68078285,347929040.46310383,663137487.1438867,246965461.58431983,0.04234093080797731,0,0.1000916984774704,6
Sintex Industries,SINTEX,Textiles/Plastics,2017,1,1,2830778442.2139187,1923517563.9073324,227283587.81902656,52386429.04068454,407824771.1593592,427944926.66508406,685259113.8598564,1717701645.7206068,2909299550.38391,247613498.06124997,509805331.3116047,757418829.3728547,193945446.55239874,0.06380302341044264,0,0.09348805935824782,0
Sintex Industries,SINTEX,Textiles/Plastics,2018,1,1,3175520730.8356066,2284531757.0918307,322554260.07462406,86215195.2125441,336238896.7821064,817676465.6797115,987870611.1033553,1923756133.092703,3454561675.5050178,200915367.83680773,709927759.4350512,910843127.2718589,101434440.35701275,0.08189817003201857,0,0.11372298182681126,7
Textiles/Plastics Peer 1 (matched to Sintex Industries),SINTEX_PEER1,Textiles/Plastics,2014,0,0,1870044787.0151424,1254277003.375631,339918497.03444046,60925670.90943418,151356125.46175998,261470934.58913183,431873094.4679984,1122026872.2090855,1806009908.773597,248626717.28376877,345473932.49333,594100649.7770988,145461996.1588994,0.030874546201484644,0,0.09315753693520695,1
Textiles/Plastics Peer 1 (matched to Sintex Industries),SINTEX_PEER1,Textiles/Plastics,2015,0,0,2087085236.5924466,1502909771.8732285,297838531.02928996,70688441.38980378,129321631.70847483,340842535.3988507,582060739.1465509,1260041940.2049804,2212149246.6570835,262300948.86376017,507162593.6115873,769463542.4753475,123519092.19793963,0.013261483118194393,0,0.0369367804479373,2
Textiles/Plastics Peer 1 (matched to Sintex Industries),SINTEX_PEER1,Textiles/Plastics,2016,0,0,2362601671.1562304,1656279167.4308124,194415046.63624662,66182576.17788178,304345531.9211622,366353341.1498609,625672092.8289387,1415973281.9689412,2319561243.8745008,206583895.43086722,423532191.11926806,630116086.5501353,307732639.7403892,0.036875530394866386,0,0.08910641195473701,0
Textiles/Plastics Peer 1 (matched to Sintex Industries),SINTEX_PEER1,Textiles/Plastics,2017,0,0,2817336259.936704,1991775081.4292202,352540858.13975257,87021757.2638586,272887562.0361998,605262939.2465897,933520419.5506382,1599319293.4248447,2887340781.7833505,318631892.043413,187126003.64753994,505757895.6909529,245676044.6359483,0.01475585107028957,0,0.0,2
Textiles/Plastics Peer 1 (matched to Sintex Industries),SINTEX_PEER1,Textiles/Plastics,2018,0,0,3233109777.236024,2268603175.7653346,241887443.73905316,100477097.93018965,394179126.32036006,608999702.8602853,914000718.0403345,1808954361.0893912,3237320395.7470765,396036373.0197086,606161669.7463688,1002198042.7660773,326024851.7211326,0.005227920365389684,0,0.02080565304538905,1
Textiles/Plastics Peer 2 (matched to Sintex Industries),SINTEX_PEER2,Textiles/Plastics,2014,0,0,429835833.9143901,297972604.2073463,54373241.95056696,16932048.32046998,39154010.25147933,79382112.15978238,118062023.18614721,257901500.34863403,420461111.1116863,47188800.096069954,61519716.74960602,108708516.84567598,31788023.68346591,0.012043211583294135,0,0.0,3
Textiles/Plastics Peer 2 (matched to Sintex Industries),SINTEX_PEER2,Textiles/Plastics,2015,0,0,487867315.307127,332709528.8858187,49724614.589464545,14001234.242419409,53678581.205394596,81951775.02417609,138787711.224912,290031911.12444943,491563548.6824608,68807389.97482151,61059764.75406716,129867154.72888866,45636980.93468904,0.027096618656378763,0,0.13355606142816237,3
Textiles/Plastics Peer 2 (matched to Sintex Industries),SINTEX_PEER2,Textiles/Plastics,2016,0,0,536083809.5815753,375907473.7149257,40794007.83844542,10661508.675043108,74633632.7043211,73917002.78870319,128228002.85852244,325537058.9372617,536029235.0958981,74455778.28251627,110866987.88296218,185322766.16547847,78236313.79729104,0.020079940295488135,0,0.0442332502596332,5
Textiles/Plastics Peer 2 (matched to Sintex Industries),SINTEX_PEER2,Textiles/Plastics,2017,0,0,574359920.7237687,418911261.2954429,101253306.80963555,18308461.8987673,25086424.578524403,113460626.45898652,180000308.41418895,364021166.74156797,602519068.5185851,85045133.26551667,110233979.22829783,195279112.4938145,24047154.36183738,0.0072074602782473355,0,0.07631010090619479,0
Textiles/Plastics Peer 2 (matched to Sintex Industries),SINTEX_PEER2,Textiles/Plastics,2018,0,0,631150417.411619,439908628.9231867,72151865.9730006,25009375.689040035,73299378.4914435,101791657.9705689,160192726.0299122,406499322.614396,682306301.2323068,71586091.82027654,122087206.37472099,193673298.19499755,75372829.46309564,0.014617009046833506,0,0.048112248277573474,0
Textiles/Plastics Peer 3 (matched to Sintex Industries),SINTEX_PEER3,Textiles/Plastics,2014,0,0,908201285.9204417,629301999.6393421,91852573.18763489,26211753.77068652,115577702.41691788,119652957.88186274,186586863.98046303,544920771.552265,830106582.6613888,117910911.79349436,251683938.5306513,369594850.3241457,122396400.77451462,0.0010401480085393579,0,0.1210537969034892,4
Textiles/Plastics Peer 3 (matched to Sintex Industries),SINTEX_PEER3,Textiles/Plastics,2015,0,0,1078611341.3703082,805031280.3712028,122892626.91432185,38266554.7299329,79540208.92758171,185752882.93714383,247503369.37180835,615198961.7673484,1017283876.5682869,153981622.51371714,204392382.25979862,358374004.77351576,72388350.72393951,0.028893462537723492,0,0.09873759075432909,5
Textiles/Plastics Peer 3 (matched to Sintex Industries),SINTEX_PEER3,Textiles/Plastics,2016,0,0,1228375463.5924773,827642200.9382919,173971740.90749252,41352698.352840446,128539567.62832187,190711193.82603455,283763870.90464103,695073703.7999927,1127889457.7178524,140476662.23135817,239194458.8115099,379671121.0428681,136928703.51737833,0.019582027721244875,0,0.1001738145438832,5
Textiles/Plastics Peer 3 (matched to Sintex Industries),SINTEX_PEER3,Textiles/Plastics,2017,0,0,1435322293.7922504,1014691628.1110616,189310117.62066308,41311962.67651119,141766696.60709393,195477009.53672606,343646037.60062015,787692029.603605,1417603575.1291413,167036176.37083176,315254836.39091927,482291012.76175106,140869356.9426591,0.009633771008353996,0,0.0755353974606757,0
Textiles/Plastics Peer 3 (matched to Sintex Industries),SINTEX_PEER3,Textiles/Plastics,2018,0,0,1544630575.7541752,1110232146.738217,218587560.8231519,49094200.64313986,110829257.66125666,245284485.65570062,400136126.01771486,888554319.2794219,1550821291.033075,162885380.04971445,313291986.033513,476177366.08322746,102519118.60223572,0.0041439662539974435,0,0.003977212187535009,6
Religare Enterprises,RELIGARE,Financial Services,2014,1,0,2727376138.7263603,1924444087.5258052,398578724.55276567,86620522.09586272,223544893.57619795,487519735.12200385,741987636.063539,1636425683.2358162,2858139073.013105,282874181.0124393,596929397.5010989,879803578.5135381,218662725.92750767,0.018459666834241335,0,0.07022725965430784,1
Religare Enterprises,RELIGARE,Financial Services,2015,1,0,2882990587.95668,2074230406.3408608,438530740.1891186,101610323.84335148,172441859.13592118,418455771.1135114,638446136.3616735,1829667983.130725,2989976594.3647203,247700806.92116216,736559193.2700635,984260000.1912256,160333373.7451069,0.017884533969194715,0,0.07048756098116449,3
Religare Enterprises,RELIGARE,Financial Services,2016,1,1,3007140406.200244,2223359206.990354,389752157.64604187,91820938.76857352,199018300.8681754,603566853.3653978,1005990317.2394887,2035682345.9208646,3578356914.6305223,290742434.25512135,865038368.6538075,1155780802.9089289,125701655.55078283,0.05468011440805028,0,0.08924771443439591,3
Religare Enterprises,RELIGARE,Financial Services,2017,1,1,3500785711.042569,2106365517.4695706,330439393.64954,79482548.01209238,730940759.4964644,792350745.5346589,1212280851.6033523,2263822787.4171934,3948659699.6722746,498414552.5615552,804172218.0586903,1302586770.6202455,649324933.422111,0.03440941463012289,1,0.3312770669820023,14
Religare Enterprises,RELIGARE,Financial Services,2018,1,0,3917615270.042167,2773310032.948296,574822243.8200384,122177454.99919316,274062731.686636,757257485.3858036,1141942309.7150085,2527618234.5418177,4181113711.5280175,448645945.964534,527383156.91946054,976029102.8839946,291560982.63231665,0.016069470624139704,0,0.1183700763869211,2
Financial Services Peer 1 (matched to Religare Enterprises),RELIGARE_PEER1,Financial Services,2014,0,0,2981524008.2697806,2055945555.878095,343897880.9835451,118000292.84407994,294276149.72909546,477931493.209476,800081629.3964517,1788914404.9618683,2997810145.4598994,376551354.3249651,574254128.3466234,950805482.6715885,242319870.57177073,0.020095522862568466,0,0.0,0
Financial Services Peer 1 (matched to Religare Enterprises),RELIGARE_PEER1,Financial Services,2015,0,0,3340105281.646966,2324358558.112341,433404268.3477785,108999293.01074202,335296669.07746905,443498048.4772212,909343964.1328148,2009587101.1930728,3315013232.257324,441618100.88456255,549142281.1735821,990760382.0581446,320668955.95101094,0.013667457977264059,0,0.07807705773098225,2
Financial Services Peer 1 (matched to Religare Enterprises),RELIGARE_PEER1,Financial Services,2016,0,0,3821512339.5770407,2726452984.7545576,378316566.46845263,119761882.18700106,369748517.8146681,812184864.1242744,1297529928.3104813,2260950331.207717,4214062369.871008,452038493.855732,434311249.4769957,886349743.3327277,312148017.1230873,0.032827928561027134,0,0.010512195993761006,0
Financial Services Peer 1 (matched to Religare Enterprises),RELIGARE_PEER1,Financial Services,2017,0,0,4351799614.887739,3067886060.7100487,429779703.7817006,103860729.91374151,508292254.92347074,631792650.9799092,998980876.3338771,2546368821.8883357,4266315849.7772994,502012663.9764638,815170949.1078864,1317183613.08435,507151480.2741329,0.0185796039176706,0,0.03608731157714136,3
Financial Services Peer 1 (matched to Religare Enterprises),RELIGARE_PEER1,Financial Services,2018,0,0,4938995085.408523,3358289783.8236146,578151504.4236861,150160459.60043302,546307830.3815961,866215528.3087298,1404066370.0535703,2869709640.815412,5082086776.17227,620422175.210442,1028157808.0862048,1648579983.2966466,549428860.3927029,0.02935108761022784,0,0.09556140025953239,1
Financial Services Peer 2 (matched to Religare Enterprises),RELIGARE_PEER2,Financial Services,2014,0,0,2387065730.0230803,1723634661.8678408,319931298.62148744,105571495.61024633,157332509.00699216,360628090.90210813,576035952.2526616,1432239438.013848,2476936322.399045,254319366.52844992,436673907.26874536,690993273.7971953,129484745.23758331,0.012423882754577526,0,0.0,3
Financial Services Peer 2 (matched to Religare Enterprises),RELIGARE_PEER2,Financial Services,2015,0,0,2671456986.8864565,1645641769.6872034,300983505.9215591,57880348.9789177,483539726.4761605,496856106.6221675,748933235.9063456,1608779470.4985864,2707795201.3271604,311066719.3130538,644154254.1124444,955220973.4254982,450565387.3851024,0.015032752972062946,0,0.04005841985105641,0
Financial Services Peer 2 (matched to Religare Enterprises),RELIGARE_PEER2,Financial Services,2016,0,0,3032891887.362789,2086899703.3852308,255568054.65538314,84251894.841139,435213030.8905437,521070271.5131218,820413930.3874621,1808687448.9816835,3190466573.551101,420037280.3262145,709263212.7673565,1129300493.093571,445746780.0687647,0.02750423554403577,0,0.02802682433265549,0
Financial Services Peer 2 (matched to Religare Enterprises),RELIGARE_PEER2,Financial Services,2017,0,0,3400731677.9981513,2337626010.6711965,445229860.2858198,120563963.56111772,314889870.5972951,575397016.5667566,910629787.698163,2032984656.3510416,3261335118.362266,433600645.66287005,350198428.3368294,783799073.9996995,275333240.0033781,0.033516813728601075,0,0.14124395089035577,0
Financial Services Peer 2 (matched to Religare Enterprises),RELIGARE_PEER2,Financial Services,2018,0,0,3808412303.970726,2703522376.2966986,460255959.3028715,148170601.85494986,325360520.3766101,727309678.0817941,1079603876.0667272,2284394811.240109,4017773789.1337414,344498087.6153277,769156036.2739687,1113654123.8892965,265895111.0831191,0.009445662190442957,0,0.09196006775761317,1
Financial Services Peer 3 (matched to Religare Enterprises),RELIGARE_PEER3,Financial Services,2014,0,0,827094867.4517981,644103767.6779958,85492476.13064675,25470784.450280916,48622885.82022283,136760802.74212486,214427196.5926478,496256920.4710788,821675619.9524493,95190323.6519757,211529803.11330166,306720126.7652774,43344354.47791793,0.019371932768560446,0,0.059167110699921054,6
Financial Services Peer 3 (matched to Religare Enterprises),RELIGARE_PEER3,Financial Services,2015,0,0,893303824.0314527,633360672.2861385,124326571.93020232,32301774.281266738,69924729.78854156,137049713.77398717,221809540.4952402,555809819.2867838,934507805.4095433,111323700.80520971,197895564.56949788,309219265.3747076,60134017.30591255,0.010325099226247655,0,0.157172341238849,1
Financial Services Peer 3 (matched to Religare Enterprises),RELIGARE_PEER3,Financial Services,2016,0,0,983682728.1140243,711441804.588123,146196878.0018546,30896532.853295177,67450808.73001227,151119772.1959415,246151661.29636204,621668250.2710886,974567051.1157519,116312073.89419964,209338614.36945766,325650688.26365733,74063487.62534486,0.020859990650052156,0,0.0,1
Financial Services Peer 3 (matched to Religare Enterprises),RELIGARE_PEER3,Financial Services,2017,0,0,1103735821.0739536,681904409.4410139,151573087.48331368,28637038.76124679,171443669.85500565,146712814.2885697,249396241.4926417,695505088.832919,1113492333.7735522,91120996.71574554,158719463.73973918,249840460.45548472,163013243.71281546,0.01591826824011046,0,0.06974056355730454,0
Financial Services Peer 3 (matched to Religare Enterprises),RELIGARE_PEER3,Financial Services,2018,0,0,1268541954.4395273,860802870.5992109,122192072.96133707,48475645.54320989,140870670.475137,213555760.19440418,382632949.66831815,779797339.219883,1364700941.3171513,166505212.25554204,274136819.5744808,440642031.8300228,122259981.87891203,0.015098616517606207,0,0.0,0
Fortis Healthcare,FORTIS,Healthcare,2013,1,0,2142479967.481063,1480686136.7376935,236157743.8085209,79342627.03840284,241084639.54877955,310417635.7482937,527071352.132012,1285487980.4886377,2070872540.2642977,239374777.15722638,387035286.1744011,626410063.3316275,215030946.17151037,0.007844971411543049,0,0.0,0
Fortis Healthcare,FORTIS,Healthcare,2014,1,0,2343547458.2538257,1714751162.8650465,310636929.52276087,51575637.88900376,163040970.5901334,345134419.32440263,594536896.325001,1441229992.8159883,2432458029.3612857,312278923.5399723,301343332.199581,613622255.7395533,151875146.50262207,0.0038177273048160786,0,0.1723158929455162,0
Fortis Healthcare,FORTIS,Healthcare,2015,1,1,2574255163.458656,1828276708.113235,233540483.42593107,56865045.03214675,325118069.6840537,439070252.6775241,582735418.5081761,1609269334.7233775,2500081765.3409534,287339715.40896195,449089509.7933209,736429225.2022829,305106734.9678724,0.05265047374082681,0,0.06975865714077432,2
Fortis Healthcare,FORTIS,Healthcare,2016,1,1,2993692705.804928,1912528754.5508335,342721598.9399843,70285806.3041791,505520910.3917699,510203327.7376266,735492779.6576124,1797673370.338678,3151441890.517034,469918615.7373903,655310350.366531,1125228966.1039214,68621082.77494119,0.13106445123078178,1,0.31185596396794213,13
Fortis Healthcare,FORTIS,Healthcare,2017,1,0,2964860888.0199513,2130727595.0040736,289134908.2090765,95467393.45327276,332577139.7317489,491185030.6208621,726351205.9937097,1999846615.8498359,3143805400.491308,314848683.17944497,723373219.6293192,1038221902.8087642,297888328.3979479,0.030116604137066467,0,0.03771396131689005,0
Healthcare Peer 1 (matched to Fortis Healthcare),FORTIS_PEER1,Healthcare,2013,0,0,989884584.8199373,650459472.6108731,112697810.30444235,28122485.273220815,139715476.8516407,181471349.89303514,287618664.02374506,593930750.8919624,1037648044.3136553,132386247.10262942,296914161.82088244,429300408.92351186,134640511.69315606,0.018869596291286157,0,0.12543598116612892,4
Healthcare Peer 1 (matched to Fortis Healthcare),FORTIS_PEER1,Healthcare,2014,0,0,1108797618.8120604,786835383.6495667,133170728.6959115,34347118.0361331,107816183.08049221,143201553.80623716,234402596.82036513,667188554.3593243,1035819803.3498756,118778303.58491257,240036253.29366222,358814556.8785748,100968310.17879231,0.021963946050101883,0,0.0,0
Healthcare Peer 1 (matched to Fortis Healthcare),FORTIS_PEER1,Healthcare,2015,0,0,1270469998.1895921,866946201.5191007,167573784.75200656,33511353.394757178,139294623.6277559,202828046.88734373,312261582.34209013,750727710.8995837,1246936995.8951616,154798564.7754058,239962526.85440186,394761091.62980765,131980489.14799257,0.005565532030631603,0,0.0018684762457024384,1
Healthcare Peer 1 (matched to Fortis Healthcare),FORTIS_PEER1,Healthcare,2016,0,0,1424111556.2423506,1003938890.1492155,154767052.96211,41462911.21955375,152964228.8787103,225032077.42577058,378810582.7859777,844455120.0386888,1413743458.8169274,187187949.3741506,309308004.28982586,496495953.66397643,155911139.85409293,0.027134604624444877,0,0.0794367811440573,1
Healthcare Peer 1 (matched to Fortis Healthcare),FORTIS_PEER1,Healthcare,2017,0,0,1708297669.373893,1183255495.240776,241331516.80150852,45679242.7453729,154382322.2936297,287516053.6401986,430189436.33741635,955203657.1085441,1637806242.4669833,201784162.58608645,146151268.38597944,347935430.9720659,143951091.77706903,0.01842682167151534,0,0.041985352858849044,6
Healthcare Peer 2 (matched to Fortis Healthcare),FORTIS_PEER2,Healthcare,2013,0,0,3859453146.129782,2760664192.8205767,548634953.3909192,132391159.40488252,285705013.8632635,696723122.2427834,1081143346.1696763,2315671887.6778693,3880990959.4843855,330658750.3783973,690561313.8419486,1021220064.220346,288668200.3785902,0.0427653868954309,0,0.0530805173094738,0
Healthcare Peer 2 (matched to Fortis Healthcare),FORTIS_PEER2,Healthcare,2014,0,0,4156689305.1318474,3057448479.839143,544688816.9035944,88025875.79090707,330075288.75441754,701339851.5671319,1098747475.630429,2592976509.564798,4385675864.1439705,513013470.5979349,706505225.2006453,1219518695.7985802,362433554.8465102,0.01648320620389484,0,0.08878761502249548,0
Healthcare Peer 2 (matched to Fortis Healthcare),FORTIS_PEER2,Healthcare,2015,0,0,4179601675.184977,2765666977.4296036,624329149.1743822,126011516.98880735,469783797.6666134,850050326.6829014,1200415428.8717003,2879745888.6109905,4630770725.024983,595755670.0063642,1151824960.0557444,1747580630.0621085,419747106.50627327,0.012664236564989594,0,0.017720169877116394,4
Healthcare Peer 2 (matched to Fortis Healthcare),FORTIS_PEER2,Healthcare,2016,0,0,4558956255.312693,3328035984.8696766,579599496.9791642,153792897.35488853,336123727.1810648,701686265.8350158,1138082724.7685878,3194086078.034955,4882355556.548467,639820091.2714334,789349843.1339282,1429169934.4053617,328722869.3846741,0.019286839328740653,0,0.0,0
Healthcare Peer 2 (matched to Fortis Healthcare),FORTIS_PEER2,Healthcare,2017,0,0,4988292577.158814,3284859664.256194,618713645.7200911,124479091.52937692,667622743.8579228,1142722692.9349453,1669997573.4776,3539323289.2339444,5900604706.306266,740265403.6921717,636959607.6008426,1377225011.2930143,639279229.1933671,0.039944284946810724,0,0.0441900357820123,0
Healthcare Peer 3 (matched to Fortis Healthcare),FORTIS_PEER3,Healthcare,2013,0,0,376911250.56061375,270166595.26657534,47952140.99084643,13829243.406624837,32941043.260779183,60004277.67415967,101715176.45381413,226146750.33636823,369184918.5508229,43528975.10734965,79451371.5952866,122980346.70263624,28296108.456584625,0.009757376656411366,0,0.04529394677160907,3
Healthcare Peer 3 (matched to Fortis Healthcare),FORTIS_PEER3,Healthcare,2014,0,0,440300456.6735151,294188703.69004005,58181772.891915806,13371168.86226585,47918221.94738204,65949284.76185522,113589226.9346801,254946175.68013507,439026938.26849693,34344298.73513396,70558718.64429073,104903017.37942469,50139739.66562586,0.020792150478041393,0,0.0,9
Healthcare Peer 3 (matched to Fortis Healthcare),FORTIS_PEER3,Healthcare,2015,0,0,495356851.5076441,347179890.6172494,63250471.381176434,15850242.17149871,45702242.422614016,100276821.05171889,159751404.22224003,287362403.52592134,533631902.19665396,65152198.17226564,79956272.06304638,145108470.235312,48088009.863493115,0.011568673419882507,0,0.06416433990753229,0
Healthcare Peer 3 (matched to Fortis Healthcare),FORTIS_PEER3,Healthcare,2016,0,0,533224780.32244205,405904441.59487855,67381388.7709585,13839584.514627991,26762600.36081623,107925556.91977854,176066994.22454572,322644514.64782107,574578977.7354184,64081304.37310032,140418663.22469547,204499967.59779578,27826955.44265667,0.016564642811743014,0,0.05170888578622872,2
Healthcare Peer 3 (matched to Fortis Healthcare),FORTIS_PEER3,Healthcare,2017,0,0,577263968.344888,394492792.5629289,67735271.5012137,16971314.62480638,73449555.52660663,97874073.37821257,175448064.68828386,361187048.5045001,616532272.0169306,88009358.07087025,140030368.3537484,228039726.42461866,88997510.9336828,0.008075180732175223,0,0.015532737389132925,3
